 ,S,h,u,k,l,a, ,A,M,",", ,A,r,c,h,i,b,a,l,d, ,L,K,",", ,W,a,g,l,e, ,S,h,u,k,l,a, ,A,",", ,M,e,h,t,a, ,H,J,",", ,C,h,e,r,a,b,u,d,d,i, ,K,., ,D,r,u,g,s, ,i,n, ,C,o,n,t,e,x,t, ,2,0,2,0,;, ,9,:, ,2,0,2,0,-,4,-,5,., ,"
",D,O,I,:, ,1,0,.,7,5,7,3,/,d,i,c,.,2,0,2,0,-,4,-,5,"
", ,1, ,o,f, ,8,"
",I,S,S,N,:, ,1,7,4,0,-,4,3,9,8,"
", , , , , , , , , , , ,R,E,V,I,E,W,"
",A,b,s,t,r,a,c,t,"
",C,h,l,o,r,o,q,u,i,n,e, ,a,n,d, ,c,l,o,s,e,l,y, ,r,e,l,a,t,e,d, ,s,t,r,u,c,t,u,r,a,l, ,a,n,a,l,o,g,s,",", ,e,m,p,l,o,y,e,d, ,"
",i,n,i,t,i,a,l,l,y, ,f,o,r, ,t,h,e, ,t,r,e,a,t,m,e,n,t, ,o,f, ,m,a,l,a,r,i,a,",", ,a,r,e, ,n,o,w, ,g,a,i,n,i,n,g, ,"
",w,o,r,l,d,w,i,d,e, ,a,t,t,e,n,t,i,o,n, ,d,u,e, ,t,o, ,t,h,e, ,r,a,p,i,d,l,y, ,s,p,r,e,a,d,i,n,g, ,p,a,n,d,e,m,i,c, ,"
",c,a,u,s,e,d, ,b,y, ,s,e,v,e,r,e, ,a,c,u,t,e, ,r,e,s,p,i,r,a,t,o,r,y, ,s,y,n,d,r,o,m,e,-,c,o,r,o,n,a,v,i,r,u,s,-,2,",", ,"
",n,a,m,e,d, ,c,o,r,o,n,a,v,i,r,u,s, ,d,i,s,e,a,s,e, ,(,C,O,V,I,D,), ,o,f, ,2,0,1,9, ,(,C,O,V,I,D,-,1,9,),., ,"
",A,l,t,h,o,u,g,h, ,m,u,c,h, ,o,f, ,t,h,i,s, ,a,t,t,e,n,t,i,o,n, ,h,a,s, ,a, ,m,e,c,h,a,n,i,s,t,i,c, ,b,a,s,i,s,",", ,"
",t,h,e, ,h,a,r,d, ,e,˜,c,a,c,y, ,d,a,t,a, ,f,o,r, ,c,h,l,o,r,o,q,u,i,n,e,/,h,y,d,r,o,x,y,c,h,l,o,r,o,q,u,i,n,e, ,"
",i,n, ,t,h,e, ,m,a,n,a,g,e,m,e,n,t, ,o,f, ,t,h,e, ,c,l,i,n,i,c,a,l, ,s,y,n,d,r,o,m,e, ,o,f, ,C,O,V,I,D,-,1,9, ,"
",h,a,v,e, ,b,e,e,n, ,l,i,m,i,t,e,d, ,t,h,u,s, ,f,a,r,., ,T,h,i,s, ,r,e,v,i,e,w, ,a,i,m,s, ,t,o, ,p,r,e,s,e,n,t, ,t,h,e, ,"
",a,v,a,i,l,a,b,l,e, ,"
",i,n, ,v,i,t,r,o,"
", ,a,n,d, ,c,l,i,n,i,c,a,l, ,d,a,t,a, ,f,o,r, ,t,h,e, ,r,o,l,e, ,o,f, ,c,h,l,o,r,o,q,u,i,n,e,/,"
",h,y,d,r,o,x,y,c,h,l,o,r,o,q,u,i,n,e, ,i,n, ,C,O,V,I,D,-,1,9, ,a,n,d, ,a,t,t,e,m,p,t,s, ,t,o, ,p,u,t, ,t,h,e,m, ,"
",i,n,t,o, ,p,e,r,s,p,e,c,t,i,v,e,",", ,e,s,p,e,c,i,a,l,l,y, ,i,n, ,r,e,l,a,t,i,o,n, ,t,o, ,t,h,e, ,d,i,˚,e,r,e,n,t, ,"
",r,i,s,k,s,/,b,e,n,e,˛,t,s, ,p,a,r,t,i,c,u,l,a,r, ,t,o, ,e,a,c,h, ,p,a,t,i,e,n,t, ,w,h,o, ,m,a,y, ,r,e,q,u,i,r,e, ,"
",t,r,e,a,t,m,e,n,t,.,"
",K,e,y,w,o,r,d,s,:,"
", ,a,n,t,i,-,i,n,˝,a,m,m,a,t,o,r,y,",", ,a,n,t,i,m,a,l,a,r,i,a,l,",", ,a,n,t,i,v,i,r,a,l,",", ,c,h,l,o,r,o,q,u,i,n,e,",", ,"
",C,O,V,I,D,-,1,9,",", ,h,y,d,r,o,x,y,c,h,l,o,r,o,q,u,i,n,e,",", ,i,m,m,u,n,o,m,o,d,u,l,a,t,o,r,y,",", ,p,a,n,d,e,m,i,c,",", ,"
",S,A,R,S,-,C,o,V,-,2,.,"
",C,i,t,a,t,i,o,n,"
",S,h,u,k,l,a, ,A,M,",", ,A,r,c,h,i,b,a,l,d, ,L,K,",", ,W,a,g,l,e, ,S,h,u,k,l,a, ,A,",", ,M,e,h,t,a, ,H,J,",", ,C,h,e,r,a,b,u,d,d,i, ,"
",K,., ,C,h,l,o,r,o,q,u,i,n,e, ,a,n,d, ,h,y,d,r,o,x,y,c,h,l,o,r,o,q,u,i,n,e, ,i,n, ,t,h,e, ,c,o,n,t,e,x,t, ,o,f, ,"
",C,O,V,I,D,-,1,9,., ,D,r,u,g,s, ,i,n, ,C,o,n,t,e,x,t, ,2,0,2,0,;, ,9,:, ,2,0,2,0,-,4,-,5,., ,"
", ,D,O,I,:, ,1,0,.,7,5,7,3,/,d,i,c,.,2,0,2,0,-,4,-,5,"
",.,A,s,h,u,t,o,s,h, ,M, ,S,h,u,k,l,a, ,M,D,"
",1,",",2,"
",",", ,L,e,n,n,o,x, ,K, ,A,r,c,h,i,b,a,l,d, ,M,D,"
",1,",",2,"
",",", ,A,p,a,r,n,a, ,W,a,g,l,e, ,S,h,u,k,l,a, ,M,D,"
",3,",", , ,H,i,r,e,n, ,J, ,M,e,h,t,a, ,M,D,"
",2,",", ,K,a,r,t,i,k,e,y,a, ,C,h,e,r,a,b,u,d,d,i, ,M,D,"
",2,1,N,o,r,t,h, ,F,l,o,r,i,d,a, ,S,o,u,t,h, ,G,e,o,r,g,i,a, ,V,H,S,",", ,G,a,i,n,e,s,v,i,l,l,e,",", ,F,L,",", ,U,S,A,;, ,"
",2,D,e,p,a,r,t,m,e,n,t, ,o,f, ,M,e,d,i,c,i,n,e,",", ,U,n,i,v,e,r,s,i,t,y, ,o,f, ,F,l,o,r,i,d,a,",", ,"
", ,G,a,i,n,e,s,v,i,l,l,e,",", ,F,L,",", ,U,S,A,;, ,"
",3,D,e,p,a,r,t,m,e,n,t, ,o,f, ,N,e,u,r,o,l,o,g,y,",", ,U,n,i,v,e,r,s,i,t,y, ,o,f, ,F,l,o,r,i,d,a,",", ,G,a,i,n,e,s,v,i,l,l,e,",", ,F,L,",", ,U,S,A,"
",C,h,l,o,r,o,q,u,i,n,e, ,a,n,d, ,h,y,d,r,o,x,y,c,h,l,o,r,o,q,u,i,n,e, ,i,n, ,t,h,e, ,c,o,n,t,e,x,t, ,o,f, ,C,O,V,I,D,-,1,9,"
",C,h,l,o,r,o,q,u,i,n,e, ,a,n,d, ,r,e,l,a,t,e,d, ,d,r,u,g,s, ,w,e,r,e, ,i,n,i,t,i,a,l,l,y, ,d,e,v,e,l,o,p,e,d, ,a,s, ,"
",a,n,t,i,m,a,l,a,r,i,a,l, ,a,g,e,n,t,s,., ,D,u,r,i,n,g, ,t,h,e, ,S,e,c,o,n,d, ,W,o,r,l,d, ,W,a,r,",", ,m,a,n,y, ,"
",c,l,i,n,i,c,i,a,n,s, ,m,a,d,e, ,s,e,r,e,n,d,i,p,i,t,o,u,s, ,o,b,s,e,r,v,a,t,i,o,n,s, ,t,h,a,t, ,t,h,e,s,e, ,"
",d,r,u,g,s, ,c,o,u,l,d, ,b,e, ,b,e,n,e,˛,c,i,a,l, ,f,o,r, ,t,r,e,a,t,i,n,g, ,r,h,e,u,m,a,t,o,l,o,g,i,c,a,l, ,"
",a,n,d, ,d,e,r,m,a,t,o,l,o,g,i,c,a,l, ,c,o,n,d,i,t,i,o,n,s,.,"
",1,Œ,3,"
", ,S,i,n,c,e, ,t,h,e,n,",", ,s,e,v,e,r,a,l, ,"
",w,e,l,l,-,d,e,s,i,g,n,e,d, ,s,t,u,d,i,e,s, ,h,a,v,e, ,e,s,t,a,b,l,i,s,h,e,d, ,t,h,e,i,r, ,e,˜,c,a,c,y, ,i,n, ,"
",t,h,e, ,c,h,r,o,n,i,c, ,m,a,n,a,g,e,m,e,n,t, ,o,f, ,c,o,n,n,e,c,t,i,v,e, ,t,i,s,s,u,e, ,d,i,s,o,r,d,e,r,s,",", ,"
",i,n,c,l,u,d,i,n,g, ,s,y,s,t,e,m,i,c, ,l,u,p,u,s, ,e,r,y,t,h,e,m,a,t,o,s,u,s, ,a,n,d, ,r,h,e,u,m,a,t,o,i,d, ,"
",a,r,t,h,r,i,t,i,s,",","
",4, ,a,n,d, ,t,h,e,r,e, ,h,a,s, ,b,e,e,n, ,a, ,g,r,o,w,i,n,g, ,l,i,s,t, ,o,f, ,i,n,d,i,c,a,t,i,o,n,s, ,"
",t,o, ,s,u,p,p,o,r,t, ,t,h,e,i,r, ,t,h,e,r,a,p,e,u,t,i,c, ,p,o,t,e,n,t,i,a,l, ,i,n, ,v,a,r,i,e,d, ,d,i,s,e,a,s,e,s, ,o,f, ,"
",o,n,c,o,l,o,g,y,",", ,c,a,r,d,i,o,l,o,g,y,",", ,a,n,d, ,n,e,p,h,r,o,l,o,g,y,.,"
",1, ,T,h,e,s,e, ,a,g,e,n,t,s, ,h,a,v,e, ,"
",a,l,s,o, ,s,h,o,w,n, ,a, ,p,r,o,m,i,s,i,n,g, ,r,o,l,e, ,i,n, ,v,i,r,a,l, ,i,n,f,e,c,t,i,o,n,s,",", ,a,n,d, ,w,i,t,h, ,"
",t,h,e, ,r,e,c,e,n,t, ,d,e,c,l,a,r,a,t,i,o,n, ,o,n, ,M,a,r,c,h, ,1,2,t,h,",", ,2,0,2,0,",", ,b,y, ,t,h,e, ,W,o,r,l,d, ,"
",H,e,a,l,t,h, ,O,r,g,a,n,i,z,a,t,i,o,n, ,t,h,a,t, ,c,o,r,o,n,a,v,i,r,u,s, ,d,i,s,e,a,s,e, ,(,C,O,V,I,D,), ,o,f, ,"
",2,0,1,9, ,(,C,O,V,I,D,-,1,9,), ,i,s, ,a, ,p,a,n,d,e,m,i,c,",", ,t,h,e,s,e, ,c,o,m,p,o,u,n,d,s, ,h,a,v,e, ,"
",r,a,p,i,d,l,y, ,g,a,i,n,e,d, ,w,o,r,l,d,w,i,d,e, ,a,t,t,e,n,t,i,o,n, ,f,o,r, ,t,h,e,i,r, ,a,b,i,l,i,t,y, ,t,o, ,c,o,n,t,r,o,l, ,"
",t,h,e, ,c,a,u,s,a,t,i,v,e, ,v,i,r,u,s,",", ,s,e,v,e,r,e, ,a,c,u,t,e, ,r,e,s,p,i,r,a,t,o,r,y, ,s,y,n,d,r,o,m,e,-,"
",c,o,r,o,n,a,v,i,r,u,s,-,2, ,(,S,A,R,S,-,C,o,V,-,2,),., ,I,n, ,t,h,i,s, ,n,a,r,r,a,t,i,v,e, ,r,e,v,i,e,w,",", ,t,h,e, ,"
",a,u,t,h,o,r,s, ,d,i,s,c,u,s,s, ,t,h,e,s,e, ,m,e,d,i,c,a,t,i,o,n,s, ,f,r,o,m, ,a, ,m,e,c,h,a,n,i,s,t,i,c, ,"
",p,e,r,s,p,e,c,t,i,v,e, ,w,i,t,h, ,s,p,e,c,i,˛,c, ,i,n,s,i,g,h,t,s, ,i,n,t,o, ,t,h,e,i,r, ,p,o,t,e,n,t,i,a,l, ,r,o,l,e, ,"
",i,n, ,c,o,n,t,r,o,l,l,i,n,g, ,v,i,r,a,l, ,i,n,f,e,c,t,i,o,n,s,., ,W,e, ,d,i,s,c,u,s,s, ,"
",i,n, ,v,i,t,r,o,"
", ,a,n,d, ,"
",i,n, ,v,i,v,o,"
", ,e,v,i,d,e,n,c,e, ,f,o,r, ,t,h,e,i,r, ,e,m,e,r,g,i,n,g, ,t,h,e,r,a,p,e,u,t,i,c, ,r,o,l,e, ,i,n, ,C,O,V,I,D,-,1,9, ,w,i,t,h, ,"
",d,u,e, ,c,o,n,c,e,r,n,s, ,t,o, ,s,a,f,e,t,y, ,w,h,e,n, ,a,p,p,l,y,i,n,g, ,t,h,e, ,k,n,o,w,n, ,f,a,c,t,s, ,t,o, ,"
",l,a,r,g,e, ,p,o,p,u,l,a,t,i,o,n,s, ,i,n,c,r,e,a,s,i,n,g,l,y, ,a,˚,e,c,t,e,d, ,w,i,t,h, ,C,O,V,I,D,-,1,9,.,"
",M,e,c,h,a,n,i,s,t,i,c, ,r,a,t,i,o,n,a,l,e,"
",B,o,t,h, ,c,h,l,o,r,o,q,u,i,n,e, ,a,n,d, ,h,y,d,r,o,x,y,c,h,l,o,r,o,q,u,i,n,e, ,(,H,C,Q,), ,a,r,e, ,w,e,a,k, ,"
",b,a,s,e,s, ,t,h,a,t, ,e,x,i,s,t, ,i,n, ,t,h,e, ,e,x,t,r,a,c,e,l,l,u,l,a,r, ,e,n,v,i,r,o,n,m,e,n,t, ,m,o,s,t,l,y, ,"
",i,n, ,a, ,p,r,o,t,o,n,a,t,e,d, ,f,o,r,m, ,w,i,t,h, ,a, ,p,o,s,i,t,i,v,e, ,c,h,a,r,g,e,., ,T,h,i,s, ,p,o,s,i,t,i,v,e, ,"
",c,h,a,r,g,e, ,m,a,k,e,s, ,t,h,e,m, ,i,n,c,a,p,a,b,l,e, ,o,f, ,c,r,o,s,s,i,n,g, ,t,h,e, ,p,l,a,s,m,a, ,"
",m,e,m,b,r,a,n,e,., ,T,h,e, ,n,o,n,-,p,r,o,t,o,n,a,t,e,d, ,p,o,r,t,i,o,n, ,t,h,a,t, ,e,n,t,e,r,s, ,a, ,"
",c,e,l,l, ,i,s, ,q,u,i,c,k,l,y, ,p,r,o,t,o,n,a,t,e,d, ,a,n,d, ,c,o,n,c,e,n,t,r,a,t,e,d, ,i,n, ,t,h,e, ,a,c,i,d,i,c,",", ,"
",l,o,w,-,p,H, ,o,r,g,a,n,e,l,l,e,s, ,s,u,c,h, ,a,s, ,e,n,d,o,s,o,m,e,s,",", ,G,o,l,g,i, ,v,e,s,i,c,l,e,s,",", ,a,n,d, ,"
",l,y,s,o,s,o,m,e,s,.,"
",5, ,T,h,e, ,a,n,t,i,m,a,l,a,r,i,a,l, ,a,c,t,i,o,n,s, ,o,f, ,t,h,e,s,e, ,c,o,m,p,o,u,n,d,s, ,a,r,e, ,"
",r,e,l,a,t,e,d, ,t,o, ,a, ,h,e,a,v,y, ,a,c,c,u,m,u,l,a,t,i,o,n, ,o,f, ,t,h,e,s,e, ,d,r,u,g,s, ,i,n, ,t,h,e, ,a,c,i,d,i,c, ,"
",l,y,s,o,s,o,m,e,s, ,o,f, ,t,h,e, ,p,a,r,a,s,i,t,e,s,",", ,w,h,i,c,h, ,l,e,a,d,s, ,t,o, ,a, ,n,e,u,t,r,a,l,i,z,i,n,g,",", ,"
",‚,l,y,s,o,s,o,m,o,t,r,o,p,i,c,™, ,e,˚,e,c,t, ,t,h,a,t, ,p,r,e,v,e,n,t,s, ,t,h,e, ,d,e,t,o,x,i,˛,c,a,t,i,o,n, ,o,f, ,"
",i,n,g,e,s,t,e,d, ,‚,h,e,m,e,™, ,m,o,i,e,t,y,",", ,r,e,s,u,l,t,i,n,g, ,i,n, ,l,y,s,i,s, ,o,f, ,t,h,e, ,m,a,l,a,r,i,a,l, ,"
",p,a,r,a,s,i,t,e,.,"
",1, ,A,d,d,i,t,i,o,n,a,l,l,y,",", ,i,n,v,e,s,t,i,g,a,t,o,r,s, ,h,a,v,e, ,i,d,e,n,t,i,˛,e,d, ,a, ,s,e,r,i,e,s, ,o,f, ,"
",i,m,m,u,n,o,m,o,d,u,l,a,t,o,r,y, ,a,n,d, ,a,n,t,i,-,i,n,˝,a,m,m,a,t,o,r,y, ,e,˚,e,c,t,s, ,f,o,r, ,t,h,e,s,e, ,"
",a,g,e,n,t,s,.,"
",1, ,T,h,e,s,e, ,i,n,c,l,u,d,e, ,i,n,h,i,b,i,t,i,o,n, ,o,f, ,l,i,g,a,n,d,-,b,a,s,e,d, ,t,o,l,l,-,l,i,k,e, ,"
",r,e,c,e,p,t,o,r, ,s,t,i,m,u,l,a,t,i,o,n,",", ,i,n,h,i,b,i,t,i,o,n, ,o,f, ,n,u,c,l,e,a,r, ,f,a,c,t,o,r, ,k,a,p,p,a,-,"
",l,i,g,h,t,-,c,h,a,i,n,-,e,n,h,a,n,c,e,r, ,o,f, ,a,c,t,i,v,a,t,e,d, ,B, ,c,e,l,l,s, ,(,N,F,k,B,), ,p,a,t,h,w,a,y,s, ,"
",i,n, ,m,a,c,r,o,p,h,a,g,e,s, ,w,i,t,h, ,r,e,s,u,l,t,a,n,t, ,r,e,d,u,c,t,i,o,n, ,i,n, ,t,h,e, ,g,e,n,e,r,a,t,i,o,n, ,"
",o,f, ,p,r,o,-,i,n,˝,a,m,m,a,t,o,r,y, ,c,y,t,o,k,i,n,e,s,",", ,r,e,d,u,c,e,d, ,p,r,o,c,e,s,s,i,n,g, ,o,f, ,t,h,e, ,"
",e,n,d,o,g,e,n,o,u,s, ,a,n,d, ,e,x,o,g,e,n,o,u,s, ,l,i,g,a,n,d,s, ,t,h,r,o,u,g,h, ,l,y,s,o,s,o,m,e,s, ,"
",a,n,d, ,e,n,d,o,s,o,m,e,s, ,w,i,t,h, ,r,e,s,u,l,t,a,n,t, ,r,e,d,u,c,t,i,o,n, ,i,n, ,t,h,e, ,a,v,a,i,l,a,b,i,l,i,t,y, ,"
",o,f, ,p,r,o,c,e,s,s,e,d, ,a,n,t,i,g,e,n,s, ,f,o,r, ,p,r,e,s,e,n,t,a,t,i,o,n, ,t,o, ,t,h,e, ,m,a,j,o,r, ,"
", ,S,h,u,k,l,a, ,A,M,",", ,A,r,c,h,i,b,a,l,d, ,L,K,",", ,W,a,g,l,e, ,S,h,u,k,l,a, ,A,",", ,M,e,h,t,a, ,H,J,",", ,C,h,e,r,a,b,u,d,d,i, ,K,., ,D,r,u,g,s, ,i,n, ,C,o,n,t,e,x,t, ,2,0,2,0,;, ,9,:, ,2,0,2,0,-,4,-,5,., ,"
",D,O,I,:, ,1,0,.,7,5,7,3,/,d,i,c,.,2,0,2,0,-,4,-,5,"
", ,2, ,o,f, ,8,"
",I,S,S,N,:, ,1,7,4,0,-,4,3,9,8,"
",d,r,u,g,s,i,n,c,o,n,t,e,x,t,.,c,o,m,"
",h,i,s,t,o,c,o,m,p,a,t,i,b,i,l,i,t,y, ,c,o,m,p,l,e,x,Œ,T, ,c,e,l,l, ,r,e,c,e,p,t,o,r, ,i,n,t,e,r,a,c,t,i,o,n,s,",", ,a,n,d, ,"
",d,o,w,n,s,t,r,e,a,m, ,a,c,t,i,v,a,t,i,o,n, ,o,f, ,c,e,l,l,u,l,a,r, ,i,m,m,u,n,i,t,y,.,"
",6,Œ,9,"
", ,T,o,g,e,t,h,e,r,",", ,"
",t,h,e,s,e, ,p,r,o,p,e,r,t,i,e,s, ,l,a,y, ,t,h,e, ,f,o,u,n,d,a,t,i,o,n, ,o,f, ,t,h,e,i,r, ,u,s,e, ,i,n, ,s,e,v,e,r,a,l, ,"
",r,h,e,u,m,a,t,o,l,o,g,i,c,a,l,",", ,c,a,r,d,i,o,v,a,s,c,u,l,a,r,",", ,a,n,d, ,d,e,r,m,a,t,o,l,o,g,i,c,a,l, ,d,i,s,e,a,s,e,s,., ,"
",T,h,e,s,e, ,p,l,e,i,o,t,r,o,p,i,c, ,a,c,t,i,o,n,s,",", ,s,e,e,n, ,i,n, ,a, ,v,a,r,i,e,t,y, ,o,f, ,c,h,r,o,n,i,c, ,d,i,s,e,a,s,e,s,",", ,"
",h,a,v,e, ,a,l,s,o, ,g,u,i,d,e,d, ,t,h,e,i,r, ,e,x,p,l,o,r,a,t,i,o,n, ,f,o,r, ,t,h,e, ,c,o,n,t,r,o,l, ,o,f, ,v,i,r,a,l, ,"
",i,n,f,e,c,t,i,o,n,s,., ,T,o, ,d,a,t,e,",", ,t,h,e,s,e, ,a,g,e,n,t,s, ,h,a,v,e, ,b,e,e,n, ,e,x,p,l,o,r,e,d, ,i,n, ,"
",E,b,o,l,a, ,v,i,r,u,s, ,d,i,s,e,a,s,e,",","
",1,0,"
", ,h,u,m,a,n, ,i,m,m,u,n,o,d,e,˛,c,i,e,n,c,y, ,v,i,r,u,s, ,(,H,I,V,), ,"
",i,n,f,e,c,t,i,o,n,",","
",1,1,",",1,2,"
", ,M,i,d,d,l,e, ,E,a,s,t, ,R,e,s,p,i,r,a,t,o,r,y, ,S,y,n,d,r,o,m,e, ,(,M,E,R,S,),",","
",1,3, ,a,n,d, ,"
",S,A,R,S,-,C,o,V,-,1, ,i,n,f,e,c,t,i,o,n,",","
",5,",",1,4,"
", ,a,n,d, ,t,h,e,i,r, ,p,r,o,m,i,s,i,n,g, ,a,c,t,i,o,n, ,a,g,a,i,n,s,t, ,"
",S,A,R,S,-,C,o,V,-,1, ,h,a,s, ,p,r,o,v,i,d,e,d, ,t,h,e, ,b,a,s,i,s, ,f,o,r, ,t,h,e,i,r, ,p,u,t,a,t,i,v,e, ,b,e,n,e,˛,t,s, ,i,n, ,"
",t,r,e,a,t,i,n,g, ,S,A,R,S,-,C,o,V,-,2, ,i,n,f,e,c,t,i,o,n,.,"
",1,5, ,H,o,w,e,v,e,r,",", ,t,h,e, ,e,x,a,c,t, ,m,e,c,h,a,n,i,s,m, ,"
",b,y, ,w,h,i,c,h, ,c,h,l,o,r,o,q,u,i,n,e,/,H,C,Q, ,m,a,y, ,b,e, ,o,f, ,b,e,n,e,˛,t, ,i,n, ,C,O,V,I,D,-,1,9, ,i,s, ,"
",l,a,r,g,e,l,y, ,s,p,e,c,u,l,a,t,i,v,e, ,a,n,d, ,a,p,p,e,a,r,s, ,t,o, ,b,e, ,r,e,l,a,t,e,d, ,t,o, ,a, ,s,e,r,i,e,s, ,o,f, ,"
",a,c,t,i,o,n,s, ,d,e,m,o,n,s,t,r,a,t,e,d, ,i,n, ,a,l,t,e,r,n,a,t,e,",", ,y,e,t, ,s,i,m,i,l,a,r,",", ,d,i,s,e,a,s,e, ,m,o,d,e,l,s, ,"
",(,F,i,g,u,r,e, ,1,),., ,"
",H,C,Q, ,i,s, ,k,n,o,w,n, ,t,o, ,h,a,v,e, ,s,i,g,n,i,˛,c,a,n,t, ,e,˚,e,c,t,s, ,o,n, ,m,a,n,y, ,m,e,c,h,a,n,i,s,m,s, ,"
",t,h,a,t, ,d,r,i,v,e, ,t,h,e, ,v,i,r,a,l, ,e,n,t,r,y, ,i,n,t,o, ,t,h,e, ,h,o,s,t, ,c,e,l,l,s,., ,M,o,s,t, ,p,r,o,m,i,n,e,n,t, ,"
",a,m,o,n,g, ,t,h,e,m, ,a,r,e, ,i,t,s, ,a,c,t,i,o,n,s, ,o,n, ,t,h,e, ,a,n,g,i,o,t,e,n,s,i,n, ,c,o,n,v,e,r,t,i,n,g, ,"
",e,n,z,y,m,e, ,(,A,C,E,), ,I,I, ,r,e,c,e,p,t,o,r,s,., ,T,h,e, ,o,r,i,g,i,n,a,l, ,e,x,p,e,r,i,m,e,n,t,s, ,d,u,r,i,n,g, ,"
",t,h,e, ,S,A,R,S, ,e,p,i,d,e,m,i,c, ,s,u,g,g,e,s,t,e,d, ,t,h,a,t, ,S,A,R,S,-,C,o,V,-,1, ,b,i,n,d,s, ,"
",t,o, ,A,C,E, ,I,I, ,r,e,c,e,p,t,o,r,s,",", ,p,r,i,m,a,r,i,l,y, ,p,r,e,s,e,n,t, ,i,n, ,t,h,e, ,l,u,n,g,",", ,h,e,a,r,t,",", ,"
",k,i,d,n,e,y,",", ,a,n,d, ,i,n,t,e,s,t,i,n,e, ,f,o,r, ,i,t,s, ,e,n,t,r,y, ,i,n,t,o, ,t,h,e, ,h,o,s,t, ,s,y,s,t,e,m,., ,M,o,r,e, ,"
",s,p,e,c,i,˛,c,a,l,l,y,",", ,S,A,R,S,-,C,o,V,-,1, ,b,i,n,d,s, ,t,o, ,t,h,e, ,s,i,a,l,i,c, ,a,c,i,d, ,m,o,i,e,t,y, ,o,f, ,t,h,e, ,"
",A,C,E, ,I,I, ,r,e,c,e,p,t,o,r,s,.,"
",1,5,",",1,6,"
", ,C,h,l,o,r,o,q,u,i,n,e, ,i,n,h,i,b,i,t,s, ,t,h,e, ,i,n,t,r,a,c,e,l,l,u,l,a,r, ,"
",g,l,y,c,o,s,y,l,a,t,i,o,n, ,o,f, ,t,h,e, ,A,C,E, ,I,I,",", ,a,n,d, ,t,h,u,s, ,i,n,h,i,b,i,t,s, ,t,h,e, ,a,d,d,i,t,i,o,n, ,"
",o,f, ,s,i,a,l,i,c, ,a,c,i,d, ,m,o,i,e,t,y,",", ,w,h,i,c,h, ,t,h,e,n, ,l,e,a,d,s, ,t,o, ,r,e,d,u,c,e,d, ,l,i,g,a,n,d, ,"
",r,e,c,o,g,n,i,t,i,o,n, ,a,n,d, ,i,n,t,e,r,n,a,l,i,z,a,t,i,o,n, ,o,f, ,t,h,e, ,v,i,r,u,s,.,"
",1,7,"
", ,P,h,y,l,o,g,e,n,e,t,i,c, ,"
",a,n,a,l,y,s,i,s, ,o,f, ,S,A,R,S,-,C,o,V,-,2, ,h,a,s, ,s,h,o,w,n, ,a,b,o,u,t, ,8,0,%, ,n,u,c,l,e,o,t,i,d,e, ,"
",h,o,m,o,l,o,g,y, ,w,i,t,h, ,S,A,R,S,-,C,o,V,-,1,",","
",1,8, ,p,r,o,m,p,t,i,n,g, ,t,h,e, ,e,v,a,l,u,a,t,i,o,n, ,o,f, ,"
",t,h,e,s,e, ,d,r,u,g, ,c,o,m,p,o,u,n,d,s, ,f,o,r, ,C,O,V,I,D,-,1,9,., ,O,n,c,e, ,t,h,e, ,v,i,r,u,s, ,i,s, ,b,o,u,n,d, ,"
",t,o, ,t,h,e, ,c,e,l,l, ,m,e,m,b,r,a,n,e,",", ,e,n,d,o,s,o,m,e,s, ,p,l,a,y, ,a,n, ,i,m,p,o,r,t,a,n,t, ,r,o,l,e, ,i,n, ,"
",t,h,e, ,f,u,s,i,o,n, ,o,f, ,v,i,r,a,l, ,p,a,r,t,i,c,l,e,s, ,a,n,d, ,t,h,e,i,r, ,i,n,t,e,r,n,a,l,i,z,a,t,i,o,n,., ,T,h,u,s,",", ,"
",n,e,u,t,r,a,l,i,z,a,t,i,o,n, ,o,f, ,t,h,e, ,a,c,i,d,i,c, ,p,H, ,o,f, ,t,h,e, ,e,n,d,o,s,o,m,e, ,b,y, ,c,h,l,o,r,o,q,u,i,n,e, ,"
",o,r, ,H,C,Q, ,m,a,y, ,p,r,e,v,e,n,t, ,t,h,e, ,f,u,s,i,o,n, ,o,f, ,S,A,R,S,-,C,o,V,-,2, ,w,i,t,h, ,t,h,e, ,h,o,s,t, ,c,e,l,l, ,"
",i,n,h,i,b,i,t,i,n,g, ,t,h,e, ,p,r,i,m,a,r,y, ,e,n,t,r,y,.,"
",1,9,"
", ,A,n, ,a,l,t,e,r,n,a,t,e, ,m,e,c,h,a,n,i,s,m, ,h,y,p,o,t,h,e,s,i,z,e,d, ,t,o, ,i,n,h,i,b,i,t, ,t,h,e, ,u,p,t,a,k,e, ,o,f, ,"
",t,h,e, ,v,i,r,u,s, ,i,n,t,o, ,t,h,e, ,h,o,s,t, ,c,e,l,l, ,i,s, ,b,a,s,e,d, ,o,n, ,t,h,e, ,a,b,i,l,i,t,y, ,o,f, ,c,h,l,o,r,o,q,u,i,n,e, ,"
",t,o, ,b,e, ,a, ,b,r,o,a,d, ,i,n,h,i,b,i,t,o,r, ,o,f, ,n,a,n,o,p,a,r,t,i,c,l,e, ,e,n,d,o,c,y,t,o,s,i,s, ,b,y, ,"
",r,e,s,i,d,e,n,t, ,m,a,c,r,o,p,h,a,g,e,s,.,"
",2,0, ,A,t, ,t,h,e, ,c,o,n,c,e,n,t,r,a,t,i,o,n,s, ,a,c,h,i,e,v,e,d, ,"
",i,n, ,r,o,u,t,i,n,e, ,c,l,i,n,i,c,a,l, ,d,o,s,i,n,g,",", ,c,h,l,o,r,o,q,u,i,n,e, ,r,e,d,u,c,e,s, ,"
",i,n, ,v,i,t,r,o,"
", ,a,n,d, ,"
",i,n, ,v,i,v,o,"
", ,a,c,c,u,m,u,l,a,t,i,o,n, ,o,f, ,s,y,n,t,h,e,t,i,c, ,n,a,n,o,p,a,r,t,i,c,l,e,s,.,"
",2,1,",",2,2,"
", ,I,t, ,a,l,s,o, ,"
",r,e,d,u,c,e,s, ,t,h,e, ,e,x,p,r,e,s,s,i,o,n, ,o,f, ,p,h,o,s,p,h,a,t,i,d,y,l,i,n,o,s,i,t,o,l,-,b,i,n,d,i,n,g, ,"
",c,l,a,t,h,r,i,n, ,a,s,s,e,m,b,l,y, ,p,r,o,t,e,i,n,",","
",2,2, ,r,e,q,u,i,r,e,d, ,f,o,r, ,c,l,a,t,h,r,i,n,-,m,e,d,i,a,t,e,d, ,"
",e,n,d,o,c,y,t,o,s,i,s, ,o,f, ,n,a,n,o,-,s,i,z,e,d, ,s,t,r,u,c,t,u,r,e,s,., ,T,h,e, ,u,l,t,r,a,s,t,r,u,c,t,u,r,a,l, ,"
",s,t,u,d,i,e,s, ,o,f, ,S,A,R,S,-,C,o,V,-,2, ,s,h,o,w, ,t,h,a,t, ,t,h,e,s,e, ,v,i,r,i,o,n,s, ,f,a,l,l, ,w,i,t,h,i,n, ,t,h,e, ,"
",s,a,m,e, ,s,i,z,e, ,(,6,0,Œ,1,4,0, ,n,m,), ,a,n,d, ,s,h,a,p,e, ,(,s,p,h,e,r,i,c,a,l,), ,r,a,n,g,e,"
",1,8, ,a,s, ,t,h,e, ,"
",c,o,m,m,o,n,l,y, ,s,t,u,d,i,e,d, ,s,y,n,t,h,e,t,i,c, ,n,a,n,o,p,a,r,t,i,c,l,e,s,.,"
",2,3,",",2,4,"
", ,T,h,u,s,",", ,t,h,e,s,e, ,"
",a,c,t,i,o,n,s, ,a,g,a,i,n,s,t, ,S,A,R,S,-,C,o,V,-,2, ,m,a,y, ,b,e, ,a,p,p,l,i,c,a,b,l,e, ,a,t, ,e,a,r,l,y, ,s,t,a,g,e,s, ,"
",b,e,f,o,r,e, ,v,i,r,a,l, ,r,e,p,l,i,c,a,t,i,o,n,",","
",2,0, ,w,h,i,c,h, ,r,e,q,u,i,r,e,s, ,f,u,r,t,h,e,r, ,e,x,p,e,r,i,m,e,n,t,a,l, ,"
",c,o,n,˛,r,m,a,t,i,o,n,., ,A,l,t,e,r,n,a,t,i,v,e,l,y,",", ,t,h,e,s,e, ,c,o,m,p,o,u,n,d,s, ,m,a,y, ,a,c,t, ,a,t, ,l,a,t,e,r, ,"
",s,t,a,g,e,s, ,b,y, ,i,n,h,i,b,i,t,i,n,g, ,s,p,e,c,i,˛,c, ,e,n,z,y,m,e,s, ,n,e,e,d,e,d, ,f,o,r, ,a,s,s,e,m,b,l,y, ,"
",o,f, ,v,i,r,i,o,n, ,a,n,d, ,b,u,d,d,i,n,g, ,o,f, ,t,h,e, ,v,i,r,i,o,n,s, ,f,r,o,m, ,t,h,e, ,c,e,l,l, ,m,e,m,b,r,a,n,e,., ,"
",T,h,e,s,e, ,d,r,u,g,s, ,m,a,y, ,a,c,c,o,m,p,l,i,s,h, ,t,h,e,s,e, ,g,o,a,l,s, ,w,i,t,h,o,u,t, ,d,i,s,r,u,p,t,i,o,n, ,"
",o,f, ,t,h,e, ,v,i,r,a,l, ,p,a,r,t,i,c,l,e, ,a,n,d, ,l,i,b,e,r,a,t,i,o,n, ,o,f, ,v,i,r,a,l, ,n,u,c,l,e,i,c, ,a,c,i,d, ,a,n,d, ,"
",e,n,z,y,m,e,s, ,t,h,a,t, ,a,r,e, ,n,e,c,e,s,s,a,r,y, ,f,o,r, ,v,i,r,a,l, ,r,e,p,l,i,c,a,t,i,o,n, ,f,r,o,m, ,a, ,"
",l,y,s,o,s,o,m,e,.,"
",2,5,",",2,6,"
",F,i,n,a,l,l,y,",", ,t,h,e,s,e, ,c,o,m,p,o,u,n,d,s, ,h,a,v,e, ,b,e,e,n, ,s,h,o,w,n, ,t,o, ,h,a,v,e, ,a, ,p,r,o,f,o,u,n,d, ,"
",e,˚,e,c,t, ,o,n, ,t,h,e, ,i,n,˝,a,m,m,a,t,o,r,y, ,c,a,s,c,a,d,e,., ,S,A,R,S,-,C,o,V,",", ,t,h,r,o,u,g,h, ,i,t,s, ,A,C,E, ,"
",I,I, ,r,e,c,e,p,t,o,r, ,a,t,t,a,c,h,m,e,n,t,",", ,i,n,f,e,c,t,s, ,t,h,e, ,t,y,p,e, ,2, ,p,n,e,u,m,o,c,y,t,e,s, ,i,n, ,t,h,e, ,"
",a,l,v,e,o,l,a,r, ,e,p,i,t,h,e,l,i,u,m,., ,T,h,i,s, ,r,e,s,u,l,t,s, ,i,n, ,a, ,l,o,c,a,l, ,i,n,˝,a,m,m,a,t,o,r,y, ,r,e,a,c,t,i,o,n, ,"
",w,i,t,h, ,r,e,s,i,d,e,n,t, ,n,e,u,t,r,o,p,h,i,l,s, ,a,n,d, ,m,a,c,r,o,p,h,a,g,e, ,a,c,t,i,v,a,t,i,o,n, ,a,s, ,w,e,l,l, ,a,s, ,"
",a,c,t,i,v,a,t,i,o,n, ,o,f, ,t,h,e, ,c,e,l,l,u,l,a,r, ,i,m,m,u,n,i,t,y, ,a,r,m, ,w,i,t,h, ,T, ,h,e,l,p,e,r, ,1, ,(,T,h,1,),-,"
",t,y,p,e, ,r,e,s,p,o,n,s,e,., ,T,h,e, ,r,e,s,u,l,t,a,n,t, ,c,y,t,o,k,i,n,e, ,s,t,o,r,m, ,a,n,d, ,a,l,t,e,r,a,t,i,o,n, ,"
",i,n, ,e,p,i,t,h,e,l,i,a,l, ,p,e,r,m,e,a,b,i,l,i,t,y, ,l,e,a,d, ,t,o, ,t,h,e, ,d,e,v,e,l,o,p,m,e,n,t, ,o,f, ,a,c,u,t,e, ,"
",r,e,s,p,i,r,a,t,o,r,y, ,d,i,s,t,r,e,s,s, ,s,y,n,d,r,o,m,e, ,a,n,d, ,a,s,s,o,c,i,a,t,e,d, ,m,o,r,b,i,d,i,t,y, ,a,n,d, ,"
",m,o,r,t,a,l,i,t,y, ,r,e,l,a,t,e,d, ,t,o, ,C,O,V,I,D,-,1,9,.,"
",5, ,C,h,l,o,r,o,q,u,i,n,e,/,H,C,Q, ,r,e,d,u,c,e,s, ,t,h,e, ,"
",s,e,c,r,e,t,i,o,n, ,o,f, ,t,h,e, ,p,r,o,i,n,˝,a,m,m,a,t,o,r,y, ,c,y,t,o,k,i,n,e,s,",", ,i,n, ,p,a,r,t,i,c,u,l,a,r, ,t,h,e, ,"
",T,h,1, ,c,y,t,o,k,i,n,e,s,",", ,n,a,m,e,l,y, ,i,n,t,e,r,l,e,u,k,i,n, ,(,I,L,),-,1,",", ,I,L,-,6, ,t,u,m,o,r, ,n,e,c,r,o,s,i,s, ,"
",f,a,c,t,o,r,-,˙, ,(,T,N,F,˙,),",", ,a,n,d, ,i,n,t,e,r,f,e,r,o,n,-,g,a,m,m,a, ,(,I,F,N,ˆ,),",","
",2,7, ,b,y, ,t,h,e, ,a,l,v,e,o,l,a,r, ,"
",m,a,c,r,o,p,h,a,g,e,s,",", ,a,n,d, ,t,h,u,s, ,m,a,y, ,h,a,v,e, ,a, ,r,o,l,e, ,i,n, ,r,e,d,u,c,i,n,g, ,t,h,e, ,p,e,a,k, ,"
",i,n,˝,a,m,m,a,t,o,r,y, ,r,e,s,p,o,n,s,e, ,i,n, ,C,O,V,I,D,-,1,9,., ,T,h,e,s,e, ,a,n,t,i,v,i,r,a,l, ,e,˚,e,c,t,s, ,"
",F,i,g,u,r,e, ,1,.,"
", ,H,y,p,o,t,h,e,t,i,c,a,l, ,i,m,m,u,n,o,l,o,g,i,c,a,l, ,a,n,d, ,a,n,t,i,v,i,r,a,l, ,m,o,d,e,l,.,"
",˜,˚,˛,˝,˙,"
","
", ,S,h,u,k,l,a, ,A,M,",", ,A,r,c,h,i,b,a,l,d, ,L,K,",", ,W,a,g,l,e, ,S,h,u,k,l,a, ,A,",", ,M,e,h,t,a, ,H,J,",", ,C,h,e,r,a,b,u,d,d,i, ,K,., ,D,r,u,g,s, ,i,n, ,C,o,n,t,e,x,t, ,2,0,2,0,;, ,9,:, ,2,0,2,0,-,4,-,5,., ,"
",D,O,I,:, ,1,0,.,7,5,7,3,/,d,i,c,.,2,0,2,0,-,4,-,5,"
", ,3, ,o,f, ,8,"
",I,S,S,N,:, ,1,7,4,0,-,4,3,9,8,"
",d,r,u,g,s,i,n,c,o,n,t,e,x,t,.,c,o,m,"
",c,o,m,b,i,n,e,d, ,w,i,t,h, ,i,m,m,u,n,o,m,o,d,u,l,a,t,o,r,y, ,p,r,o,p,e,r,t,i,e,s, ,a,r,e, ,p,r,o,m,i,s,i,n,g,",", ,"
",a,n,d, ,t,h,u,s, ,o,v,e,r, ,t,h,e, ,l,a,s,t, ,3, ,m,o,n,t,h,s,",", ,m,u,l,t,i,p,l,e, ,s,t,u,d,i,e,s, ,h,a,v,e, ,b,e,e,n, ,"
",l,a,u,n,c,h,e,d, ,t,o, ,l,e,v,e,r,a,g,e, ,t,h,e,s,e, ,b,e,n,e,˛,t,s, ,i,n, ,t,h,e, ,c,l,i,n,i,c,a,l, ,s,e,t,t,i,n,g,., ,"
",I,n, ,v,i,t,r,o,"
", ,e,v,i,d,e,n,c,e, ,o,f, ,c,h,l,o,r,o,q,u,i,n,e,/,"
",H,C,Q, ,o,n, ,S,A,R,S,-,C,o,V,-,2,"
",A, ,m,a,j,o,r,i,t,y, ,o,f, ,t,h,e, ,p,u,t,a,t,i,v,e, ,a,n,t,i,v,i,r,a,l, ,e,˚,e,c,t,s, ,o,f, ,c,h,l,o,r,o,q,u,i,n,e,/,H,C,Q, ,"
",m,o,l,e,c,u,l,e,s, ,o,n, ,t,h,e, ,S,A,R,S,-,C,o,V,-,2, ,a,r,e, ,t,h,e, ,r,e,s,u,l,t, ,o,f, ,t,h,e, ,i,n,d,i,r,e,c,t, ,"
",i,n,f,e,r,e,n,c,e,s, ,d,r,a,w,n, ,f,r,o,m, ,t,h,e, ,d,a,t,a, ,a,v,a,i,l,a,b,l,e, ,o,n, ,S,A,R,S,-,C,o,V,-,1, ,o,r, ,"
",f,r,o,m, ,a,n, ,a,l,t,e,r,n,a,t,e, ,v,i,r,a,l, ,m,o,d,e,l,",", ,t,h,a,t, ,i,s,",", ,E,p,s,t,e,i,n,Œ,B,a,r,r, ,v,i,r,u,s, ,(,E,B,V,),",", ,"
",H,I,V,",", ,a,n,d, ,s,o, ,f,o,r,t,h,., ,L,e,d, ,b,y, ,i,t,s, ,p,u,t,a,t,i,v,e, ,e,˚,e,c,t,s, ,o,n, ,t,h,e, ,e,n,d,o,s,o,m,a,l, ,"
",f,u,n,c,t,i,o,n, ,d,i,s,r,u,p,t,i,o,n, ,i,n, ,o,n,e, ,o,f, ,t,h,e, ,e,a,r,l,i,e,s,t, ,"
",i,n, ,v,i,t,r,o,"
", ,s,t,u,d,i,e,s,",", ,"
",t,h,e, ,C,e,n,t,e,r,s, ,f,o,r, ,D,i,s,e,a,s,e, ,C,o,n,t,r,o,l, ,(,C,D,C,), ,s,t,u,d,i,e,d, ,t,h,e, ,e,˚,e,c,t,s, ,o,f, ,"
",c,h,l,o,r,o,q,u,i,n,e, ,i,n, ,p,r,i,m,a,t,e, ,V,e,r,o, ,E,6, ,c,e,l,l,s, ,(,A,f,r,i,c,a,n, ,g,r,e,e,n, ,m,o,n,k,e,y, ,"
",k,i,d,n,e,y, ,c,e,l,l,s,),., ,T,h,e, ,i,n,v,e,s,t,i,g,a,t,o,r,s, ,f,o,u,n,d, ,t,h,a,t, ,c,h,l,o,r,o,q,u,i,n,e, ,w,a,s, ,"
",e,˚,e,c,t,i,v,e, ,a,g,a,i,n,s,t, ,S,A,R,S,-,C,o,V,-,1,",", ,a,n,d, ,t,h,e, ,i,n,h,i,b,i,t,o,r,y, ,e,˚,e,c,t,s, ,w,e,r,e, ,"
",e,q,u,a,l,l,y, ,p,o,t,e,n,t, ,w,h,e,t,h,e,r, ,t,h,e, ,p,r,i,m,a,t,e, ,c,e,l,l,s, ,w,e,r,e, ,t,r,e,a,t,e,d, ,b,e,f,o,r,e, ,"
",o,r, ,a,f,t,e,r, ,e,x,p,o,s,u,r,e, ,t,o, ,t,h,e, ,v,i,r,u,s,",", ,s,u,g,g,e,s,t,i,n,g, ,b,o,t,h, ,p,r,o,p,h,y,l,a,c,t,i,c, ,"
",a,n,d, ,t,h,e,r,a,p,e,u,t,i,c, ,a,p,p,l,i,c,a,t,i,o,n,s,., ,T,h,e,y, ,f,u,r,t,h,e,r, ,s,h,o,w,e,d, ,t,h,a,t, ,"
",a,d,d,i,t,i,o,n, ,o,f, ,a,m,m,o,n,i,u,m, ,c,h,l,o,r,i,d,e, ,t,o, ,r,a,i,s,e, ,t,h,e, ,e,n,d,o,s,o,m,a,l, ,p,H, ,"
",a,l,s,o, ,h,a,d, ,a, ,s,i,m,i,l,a,r, ,i,n,h,i,b,i,t,o,r,y, ,e,˚,e,c,t, ,o,n, ,t,h,e, ,v,i,r,a,l, ,r,e,p,l,i,c,a,t,i,o,n,",", ,"
",s,u,g,g,e,s,t,i,n,g, ,t,h,a,t, ,t,h,e,s,e, ,e,˚,e,c,t,s,",", ,t,h,a,t, ,i,s,",", ,i,n,h,i,b,i,t,i,o,n, ,o,f, ,c,e,l,l,u,l,a,r, ,"
",e,n,t,r,y, ,a,s, ,w,e,l,l, ,a,s, ,p,o,s,t,e,n,t,r,y, ,v,i,r,a,l, ,r,e,p,l,i,c,a,t,i,o,n, ,a,n,d, ,a,s,s,e,m,b,l,y, ,m,a,y, ,"
",b,e, ,a,˚,e,c,t,e,d, ,b,y, ,t,h,e, ,a,l,t,e,r,a,t,i,o,n,s, ,i,n, ,t,h,e, ,p,H, ,o,f, ,t,h,e, ,i,n,t,r,a,c,e,l,l,u,l,a,r, ,"
",o,r,g,a,n,e,l,l,e,s,.,"
",1,7,"
",I,n, ,l,i,n,e, ,w,i,t,h, ,t,h,e, ,˛,n,d,i,n,g,s, ,f,r,o,m, ,t,h,e, ,C,D,C, ,s,t,u,d,y,",", ,a,n, ,i,n,v,e,s,t,i,g,a,t,i,v,e, ,"
",t,e,a,m, ,i,n, ,W,u,h,a,n,",", ,C,h,i,n,a,",", ,p,e,r,f,o,r,m,e,d, ,a, ,s,i,m,i,l,a,r, ,"
",i,n, ,v,i,t,r,o,"
", ,t,i,m,e,-,o,f,-,"
",a,d,d,i,t,i,o,n, ,a,s,s,a,y, ,i,n,v,o,l,v,i,n,g, ,V,e,r,o, ,E,6, ,c,e,l,l,s, ,f,o,r, ,S,A,R,S,-,C,o,v,-,2,., ,I,n, ,a, ,"
",p,h,y,s,i,o,l,o,g,y,-,b,a,s,e,d, ,p,h,a,r,m,a,c,o,k,i,n,e,t,i,c, ,m,o,d,e,l,",", ,c,h,l,o,r,o,q,u,i,n,e,/,"
",H,C,Q, ,c,o,n,c,e,n,t,r,a,t,i,o,n,s, ,i,n, ,l,u,n,g, ,˝,u,i,d, ,w,e,r,e, ,s,i,m,u,l,a,t,e,d, ,u,n,d,e,r, ,˛,v,e, ,"
",d,i,˚,e,r,e,n,t, ,d,o,s,i,n,g, ,r,e,g,i,m,e,n,s, ,t,o, ,e,x,p,l,o,r,e, ,t,h,e, ,m,o,s,t, ,p,o,t,e,n,t, ,a,n,d, ,s,a,f,e, ,"
",r,e,g,i,m,e,n,., ,F,o,r, ,‚,e,n,t,r,y,™, ,t,r,e,a,t,m,e,n,t,",", ,t,h,e, ,d,r,u,g,s, ,w,e,r,e, ,a,d,d,e,d, ,t,o, ,t,h,e, ,"
",c,e,l,l,s, ,f,o,r, ,1, ,h,o,u,r, ,b,e,f,o,r,e, ,v,i,r,a,l, ,a,t,t,a,c,h,m,e,n,t,., ,F,o,r, ,t,h,e, ,‚,p,o,s,t,-,e,n,t,r,y,™, ,"
",e,x,p,e,r,i,m,e,n,t,",", ,d,r,u,g,s, ,w,e,r,e, ,a,d,d,e,d, ,a,t, ,2, ,h,o,u,r,s, ,p,o,s,t, ,i,n,f,e,c,t,i,o,n, ,a,n,d, ,"
",m,a,i,n,t,a,i,n,e,d, ,u,n,t,i,l, ,t,h,e, ,e,n,d, ,o,f, ,t,h,e, ,e,x,p,e,r,i,m,e,n,t,., ,V,i,r,u,s, ,y,i,e,l,d, ,i,n, ,"
",t,h,e, ,i,n,f,e,c,t,e,d, ,c,e,l,l, ,s,u,p,e,r,n,a,t,a,n,t,s, ,w,a,s, ,q,u,a,n,t,i,˛,e,d, ,b,y, ,q,u,a,n,t,i,t,a,t,i,v,e, ,"
",r,e,v,e,r,s,e, ,t,r,a,n,s,c,r,i,p,t,i,o,n,-,p,o,l,y,m,e,r,a,s,e, ,c,h,a,i,n, ,r,e,a,c,t,i,o,n, ,(,q,R,T,-,P,C,R,),., ,"
",S,i,m,i,l,a,r, ,t,o, ,t,h,e, ,C,D,C, ,e,x,p,e,r,i,m,e,n,t,s,",", ,t,h,e, ,i,n,v,e,s,t,i,g,a,t,o,r,s, ,f,o,u,n,d, ,t,h,a,t, ,"
",t,h,e,s,e, ,m,o,l,e,c,u,l,e,s, ,a,˚,e,c,t,e,d, ,t,h,e, ,c,o,n,t,r,o,l, ,o,f, ,v,i,r,u,s, ,a,t, ,b,o,t,h, ,e,n,t,r,y, ,a,n,d, ,"
",a,t, ,p,o,s,t,-,e,n,t,r,y, ,s,t,a,g,e,s,.,"
",2,8, ,T,h,e, ,i,n,v,e,s,t,i,g,a,t,o,r,s, ,f,u,r,t,h,e,r, ,f,o,u,n,d, ,t,h,a,t, ,"
",a,m,o,n,g, ,t,h,e, ,t,w,o,",", ,H,C,Q, ,w,a,s, ,m,o,r,e, ,p,o,t,e,n,t, ,t,h,a,n, ,c,h,l,o,r,o,q,u,i,n,e, ,a,s, ,"
",t,h,e, ,e,˚,e,c,t,i,v,e, ,c,o,n,c,e,n,t,r,a,t,i,o,n, ,f,o,r, ,a, ,h,a,l,f,-,m,a,x,i,m,a,l, ,r,e,s,p,o,n,s,e, ,(,E,C,"
",5,0,), ,w,a,s, ,m,u,c,h, ,l,o,w,e,r, ,(,0,.,7,2, ,ˇ,M,), ,f,o,r, ,H,C,Q, ,t,h,a,n, ,f,o,r, ,c,h,l,o,r,o,q,u,i,n,e, ,(,5,.,4,7, ,"
",ˇ,M,),., ,B,a,s,e,d, ,o,n, ,t,h,e,s,e, ,e,x,p,e,r,i,m,e,n,t,s,",", ,t,h,e, ,i,n,v,e,s,t,i,g,a,t,o,r,s, ,s,u,g,g,e,s,t,e,d, ,"
",t,o, ,t,r,e,a,t, ,S,A,R,S,-,C,o,V,-,2, ,i,n,f,e,c,t,i,o,n, ,w,i,t,h, ,a, ,l,o,a,d,i,n,g, ,d,o,s,e, ,o,f, ,4,0,0, ,m,g, ,"
",t,w,i,c,e, ,d,a,i,l,y, ,o,f, ,H,C,Q, ,s,u,l,f,a,t,e, ,t,o, ,b,e, ,g,i,v,e,n, ,o,r,a,l,l,y, ,o,n, ,d,a,y, ,1,",", ,f,o,l,l,o,w,e,d, ,"
",b,y, ,2,0,0, ,m,g, ,g,i,v,e,n, ,t,w,i,c,e, ,d,a,i,l,y, ,f,o,r, ,4, ,m,o,r,e, ,d,a,y,s,., ,I,n, ,a,n,o,t,h,e,r, ,"
",s,t,u,d,y, ,f,r,o,m, ,C,h,i,n,a,",","
",2,9, ,t,h,e, ,i,n,v,e,s,t,i,g,a,t,o,r,s, ,f,o,u,n,d, ,t,h,e, ,E,C,"
",9,0, ,v,a,l,u,e, ,o,f, ,"
",c,h,l,o,r,o,q,u,i,n,e, ,a,g,a,i,n,s,t, ,t,h,e, ,S,A,R,S,-,C,o,V,-,2, ,i,n, ,V,e,r,o, ,E,6, ,c,e,l,l,s, ,w,a,s, ,6,.,9,0, ,"
",ˇ,M,., ,T,h,e, ,i,n,v,e,s,t,i,g,a,t,o,r,s, ,r,e,c,o,m,m,e,n,d,e,d, ,t,h,a,t, ,t,h,e,s,e, ,c,o,n,c,e,n,t,r,a,t,i,o,n,s,",", ,"
",a,s, ,e,v,i,d,e,n,c,e,d, ,t,h,r,o,u,g,h, ,t,h,e, ,p,h,a,r,m,a,c,o,k,i,n,e,t,i,c, ,s,t,u,d,i,e,s, ,f,o,r, ,t,h,e,s,e, ,"
",m,o,l,e,c,u,l,e,s, ,p,e,r,f,o,r,m,e,d, ,i,n, ,t,h,e, ,p,l,a,s,m,a, ,o,f, ,r,h,e,u,m,a,t,o,i,d, ,a,r,t,h,r,i,t,i,s, ,"
",p,a,t,i,e,n,t,s, ,w,h,o, ,r,e,c,e,i,v,e,d, ,c,h,l,o,r,o,q,u,i,n,e, ,a,t, ,5,0,0, ,m,g, ,p,e,r, ,d,a,y, ,d,o,s,e,",", ,"
",w,e,r,e, ,c,l,i,n,i,c,a,l,l,y, ,a,c,h,i,e,v,a,b,l,e,.,"
",3,0,C,l,i,n,i,c,a,l,"
", ,e,v,i,d,e,n,c,e, ,o,f, ,c,h,l,o,r,o,q,u,i,n,e,/,"
",H,C,Q, ,o,n, ,S,A,R,S,-,C,o,V,-,2,"
",W,h,i,l,e, ,t,h,e, ,"
",i,n, ,v,i,t,r,o,"
", ,e,x,p,e,r,i,m,e,n,t,s, ,p,r,o,v,i,d,e, ,a, ,r,a,t,i,o,n,a,l,e, ,f,o,r, ,t,h,e,i,r, ,u,s,e, ,"
",i,n, ,C,O,V,I,D,-,1,9,",", ,t,h,e,r,e, ,i,s, ,l,i,m,i,t,e,d, ,e,v,i,d,e,n,c,e, ,o,n, ,t,h,e, ,c,l,i,n,i,c,a,l, ,e,˜,c,a,c,y, ,o,f, ,"
",t,h,e,s,e, ,c,o,m,p,o,u,n,d,s, ,f,o,r, ,t,r,e,a,t,i,n,g, ,C,O,V,I,D,-,1,9,., ,A,t, ,t,h,e, ,t,i,m,e, ,o,f, ,w,r,i,t,i,n,g, ,"
",t,h,i,s, ,m,a,n,u,s,c,r,i,p,t,",", ,w,e, ,f,o,u,n,d, ,t,h,e,r,e, ,w,e,r,e, ,o,v,e,r, ,5,0, ,r,a,n,d,o,m,i,z,e,d, ,"
",s,t,u,d,i,e,s, ,r,e,g,i,s,t,e,r,e,d, ,w,i,t,h, ,c,l,i,n,i,c,a,l,t,r,i,a,l,s,.,g,o,v, ,f,o,r, ,t,h,e, ,u,s,e, ,o,f, ,H,C,Q, ,i,n, ,"
",C,O,V,I,D,-,1,9,., ,T,h,e, ,v,a,s,t, ,m,a,j,o,r,i,t,y, ,w,e,r,e, ,s,t,i,l,l, ,i,n, ,t,h,e, ,p,r,e,-,r,e,c,r,u,i,t,m,e,n,t, ,"
",p,h,a,s,e,",", ,a,n,d, ,a, ,f,e,w, ,w,e,r,e, ,i,n, ,t,h,e, ,e,a,r,l,y, ,s,t,a,g,e,s, ,o,f, ,r,e,c,r,u,i,t,m,e,n,t,",", ,b,u,t, ,"
",n,o,n,e, ,o,f, ,t,h,e, ,l,a,r,g,e,r, ,s,t,u,d,i,e,s, ,h,a,d, ,p,u,b,l,i,s,h,e,d, ,t,h,e,i,r, ,r,e,s,u,l,t,s,., ,T,h,e, ,"
",i,n, ,v,i,v,o, ,"
",o,r, ,c,l,i,n,i,c,a,l, ,e,v,i,d,e,n,c,e, ,p,r,e,s,e,n,t,e,d, ,i,n, ,t,h,i,s, ,r,e,v,i,e,w, ,i,s, ,d,e,r,i,v,e,d, ,m,a,i,n,l,y, ,"
",f,r,o,m, ,t,h,e, ,s,m,a,l,l,-,c,o,h,o,r,t,",", ,o,b,s,e,r,v,a,t,i,o,n,a,l,",", ,a,n,d, ,r,a,n,d,o,m,i,z,e,d, ,s,t,u,d,i,e,s, ,"
",(,a,v,a,i,l,a,b,l,e, ,f,o,r, ,r,e,v,i,e,w, ,a,t, ,t,h,e, ,t,i,m,e, ,o,f, ,m,a,n,u,s,c,r,i,p,t, ,p,r,e,p,a,r,a,t,i,o,n,), ,o,n, ,"
",t,h,e, ,c,l,i,n,i,c,a,l, ,o,u,t,c,o,m,e,s, ,(,T,a,b,l,e, ,1,),.,"
",I,n, ,o,n,e, ,o,f, ,t,h,e, ,˛,r,s,t, ,p,u,b,l,i,s,h,e,d, ,p,i,e,c,e,s, ,o,f, ,e,v,i,d,e,n,c,e, ,(,p,u,b,l,i,s,h,e,d, ,a,s, ,"
",a, ,l,e,t,t,e,r,),",", ,G,a,o, ,a,n,d, ,c,o,l,l,e,a,g,u,e,s, ,f,r,o,m, ,C,h,i,n,a, ,d,r,e,w, ,a,t,t,e,n,t,i,o,n, ,t,o, ,t,h,e, ,"
",p,o,t,e,n,t,i,a,l, ,r,o,l,e, ,o,f, ,c,h,l,o,r,o,q,u,i,n,e, ,f,o,r, ,t,r,e,a,t,i,n,g, ,C,O,V,I,D,-,1,9,., ,B,a,s,e,d, ,o,n, ,"
",t,h,e, ,c,l,i,n,i,c,a,l, ,d,a,t,a, ,c,o,l,l,e,c,t,e,d, ,f,r,o,m, ,t,e,n, ,h,o,s,p,i,t,a,l,s, ,i,n, ,C,h,i,n,a, ,(,W,u,h,a,n,",", ,"
",J,i,n,g,z,h,o,u,",", ,G,u,a,n,g,z,h,o,u,",", ,B,e,i,j,i,n,g,",", ,S,h,a,n,g,h,a,i,",", ,C,h,o,n,g,q,i,n,g,",", ,a,n,d, ,"
",N,i,n,g,b,o,), ,i,n,v,o,l,v,i,n,g, ,>,1,0,0, ,p,a,t,i,e,n,t,s,",", ,t,h,e, ,a,u,t,h,o,r,s, ,p,r,o,p,o,s,e,d, ,t,h,a,t, ,"
",c,h,l,o,r,o,q,u,i,n,e, ,w,a,s, ,a, ,p,r,o,m,i,s,i,n,g, ,t,h,e,r,a,p,e,u,t,i,c, ,d,r,u,g,., ,T,h,e,y, ,r,e,p,o,r,t,e,d, ,"
",t,h,a,t, ,t,h,e, ,p,a,t,i,e,n,t,s, ,w,h,o, ,r,e,c,e,i,v,e,d, ,c,h,l,o,r,o,q,u,i,n,e, ,p,h,o,s,p,h,a,t,e, ,h,a,d, ,"
",l,o,w,e,r, ,r,a,t,e,s, ,o,f, ,p,n,e,u,m,o,n,i,a, ,e,x,a,c,e,r,b,a,t,i,o,n,",", ,g,r,e,a,t,e,r, ,i,m,p,r,o,v,e,m,e,n,t, ,"
",i,n, ,l,u,n,g, ,i,m,a,g,i,n,g, ,˛,n,d,i,n,g,s,",", ,h,i,g,h,e,r, ,r,a,t,e,s, ,o,f, ,c,o,n,v,e,r,s,i,o,n, ,t,o, ,t,h,e, ,"
",v,i,r,u,s,-,n,e,g,a,t,i,v,e, ,s,t,a,t,e,",", ,a,n,d, ,s,h,o,r,t,e,r, ,d,i,s,e,a,s,e, ,c,o,u,r,s,e, ,c,o,m,p,a,r,e,d, ,t,o, ,"
",t,h,o,s,e, ,w,h,o, ,d,i,d, ,n,o,t, ,r,e,c,e,i,v,e, ,t,h,e, ,d,r,u,g,.,"
",3,1, ,U,n,f,o,r,t,u,n,a,t,e,l,y,",", ,t,h,e, ,r,e,p,o,r,t, ,"
",d,i,d, ,n,o,t, ,p,u,b,l,i,s,h, ,s,p,e,c,i,˛,c, ,d,e,t,a,i,l,s, ,a,b,o,u,t, ,t,h,e, ,p,a,t,i,e,n,t, ,p,o,p,u,l,a,t,i,o,n,",", ,"
",r,e,s,p,o,n,s,e, ,p,a,t,t,e,r,n,",", ,o,r, ,a,n,a,l,y,s,i,s, ,o,f, ,o,u,t,c,o,m,e,s,., ,"
",I,n, ,a,n,o,t,h,e,r, ,o,b,s,e,r,v,a,t,i,o,n,a,l,",", ,s,i,n,g,l,e,-,a,r,m,",", ,o,p,e,n,-,l,a,b,e,l, ,c,l,i,n,i,c,a,l, ,"
",t,r,i,a,l, ,f,r,o,m, ,M,a,r,s,e,i,l,l,e,",", ,F,r,a,n,c,e,",","
",3,2, ,t,h,e, ,i,n,v,e,s,t,i,g,a,t,o,r,s, ,r,e,p,o,r,t,e,d, ,"
",c,l,i,n,i,c,a,l, ,o,u,t,c,o,m,e,s, ,b,a,s,e,d, ,o,n, ,v,i,r,o,l,o,g,i,c,a,l, ,c,l,e,a,r,a,n,c,e, ,f,r,o,m, ,"
",n,a,s,o,p,h,a,r,y,n,g,e,a,l, ,s,e,c,r,e,t,i,o,n,s,., ,T,h,e,y, ,e,n,r,o,l,l,e,d, ,4,2, ,p,a,t,i,e,n,t,s,;, ,o,v,e,r, ,"
",8,0,%, ,o,f, ,p,a,t,i,e,n,t,s, ,e,i,t,h,e,r, ,h,a,d, ,n,o, ,s,y,m,p,t,o,m,s, ,(,1,6,.,7,%,), ,o,r, ,h,a,d, ,u,p,p,e,r, ,"
",r,e,s,p,i,r,a,t,o,r,y, ,t,r,a,c,t, ,s,y,m,p,t,o,m,s, ,(,6,1,.,1,%,),., ,O,n,l,y, ,a, ,m,i,n,o,r,i,t,y, ,(,2,2,.,2,%,), ,"
",h,a,d, ,l,o,w,e,r, ,r,e,s,p,i,r,a,t,o,r,y, ,t,r,a,c,t, ,d,i,s,e,a,s,e,s,",", ,i,n,c,l,u,d,i,n,g, ,b,r,o,n,c,h,i,t,i,s, ,"
",a,n,d, ,p,n,e,u,m,o,n,i,a,., ,T,h,e, ,i,n,v,e,s,t,i,g,a,t,o,r,s, ,c,o,m,p,a,r,e,d, ,t,h,i,s, ,w,i,t,h, ,a, ,"
",c,o,n,t,r,o,l, ,u,n,t,r,e,a,t,e,d, ,g,r,o,u,p, ,(,n,=,1,6,), ,c,o,n,s,i,s,t,i,n,g, ,o,f, ,p,a,t,i,e,n,t,s, ,w,h,o, ,"
",w,e,r,e, ,e,i,t,h,e,r, ,t,r,e,a,t,e,d, ,a,t, ,a, ,n,e,a,r,b,y, ,f,a,c,i,l,i,t,y, ,w,i,t,h,o,u,t, ,H,C,Q, ,o,r, ,w,h,o, ,"
",r,e,f,u,s,e,d, ,p,a,r,t,i,c,i,p,a,t,i,o,n,., ,T,w,e,n,t,y,-,s,i,x, ,p,a,t,i,e,n,t,s, ,r,e,c,e,i,v,e,d, ,H,C,Q, ,(,2,0,0, ,"
",m,g, ,t,h,r,e,e, ,t,i,m,e,s, ,d,a,i,l,y, ,f,o,r, ,1,0, ,d,a,y,s,), ,o,f, ,w,h,i,c,h, ,s,i,x, ,r,e,c,e,i,v,e,d, ,i,t, ,i,n, ,"
",c,o,n,j,u,n,c,t,i,o,n, ,w,i,t,h, ,a,z,i,t,h,r,o,m,y,c,i,n, ,(,5,0,0, ,m,g, ,o,n, ,d,a,y, ,1, ,f,o,l,l,o,w,e,d, ,b,y, ,"
",2,5,0, ,m,g, ,d,a,i,l,y, ,f,o,r, ,4, ,d,a,y,s,),., ,T,h,e, ,i,n,c,l,u,s,i,o,n, ,o,f, ,a,z,i,t,h,r,o,m,y,c,i,n, ,w,a,s, ,"
",r,a,t,i,o,n,a,l,i,z,e,d, ,o,n, ,t,h,e, ,b,a,s,i,s, ,o,f, ,i,t,s, ,"
",i,n, ,v,i,t,r,o,"
", ,a,c,t,i,v,i,t,y, ,a,g,a,i,n,s,t, ,Z,i,k,a, ,a,n,d, ,"
",E,b,o,l,a, ,v,i,r,u,s,e,s,"
",3,3,",",3,4,"
", ,a,n,d, ,o,n, ,t,h,e, ,c,l,i,n,i,c,a,l, ,e,v,i,d,e,n,c,e, ,f,o,r, ,i,t,s, ,a,b,i,l,i,t,y, ,"
",t,o, ,p,r,e,v,e,n,t, ,s,e,v,e,r,e, ,r,e,s,p,i,r,a,t,o,r,y, ,t,r,a,c,t, ,i,n,f,e,c,t,i,o,n,s, ,i,n, ,p,a,t,i,e,n,t,s, ,"
",s,u,˚,e,r,i,n,g, ,f,r,o,m, ,v,i,r,a,l, ,i,n,f,e,c,t,i,o,n,.,"
",3,5, ,T,h,e, ,p,r,i,m,a,r,y, ,o,u,t,c,o,m,e, ,f,o,r, ,t,h,e, ,"
",s,t,u,d,y, ,w,a,s, ,t,h,e, ,v,i,r,o,l,o,g,i,c,a,l, ,c,l,e,a,r,a,n,c,e, ,f,r,o,m, ,n,a,s,o,p,h,a,r,y,n,g,e,a,l, ,"
",s,e,c,r,e,t,i,o,n,s, ,a,t, ,d,a,y, ,6, ,a,f,t,e,r, ,r,e,c,e,i,v,i,n,g, ,t,h,e, ,d,r,u,g,., ,T,h,e, ,i,n,v,e,s,t,i,g,a,t,o,r,s, ,"
",f,o,u,n,d, ,t,h,a,t, ,p,a,t,i,e,n,t,s, ,t,r,e,a,t,e,d, ,w,i,t,h, ,H,C,Q, ,a,l,o,n,e, ,o,r, ,i,n, ,c,o,m,b,i,n,a,t,i,o,n, ,"
",w,i,t,h, ,a,z,i,t,h,r,o,m,y,c,i,n, ,h,a,d, ,s,i,g,n,i,˛,c,a,n,t,l,y, ,g,r,e,a,t,e,r, ,v,i,r,o,l,o,g,i,c,a,l, ,"
",c,l,e,a,r,a,n,c,e, ,(,"
",p,=,0,.,0,0,1,), ,a,t, ,d,a,y, ,6, ,(,5,7,.,1, ,a,n,d, ,1,0,0,%,",", ,r,e,s,p,e,c,t,i,v,e,l,y,),",", ,"
",c,o,m,p,a,r,e,d, ,t,o, ,t,h,o,s,e, ,i,n, ,t,h,e, ,c,o,n,t,r,o,l, ,g,r,o,u,p, ,(,1,2,.,5,%,),., ,A,l,t,h,o,u,g,h, ,"
",e,n,c,o,u,r,a,g,i,n,g,",", ,t,h,i,s, ,o,n,g,o,i,n,g, ,s,t,u,d,y,",", ,a,s, ,p,u,b,l,i,s,h,e,d,",", ,h,a,d, ,s,e,v,e,r,a,l, ,"
", ,S,h,u,k,l,a, ,A,M,",", ,A,r,c,h,i,b,a,l,d, ,L,K,",", ,W,a,g,l,e, ,S,h,u,k,l,a, ,A,",", ,M,e,h,t,a, ,H,J,",", ,C,h,e,r,a,b,u,d,d,i, ,K,., ,D,r,u,g,s, ,i,n, ,C,o,n,t,e,x,t, ,2,0,2,0,;, ,9,:, ,2,0,2,0,-,4,-,5,., ,"
",D,O,I,:, ,1,0,.,7,5,7,3,/,d,i,c,.,2,0,2,0,-,4,-,5,"
", ,4, ,o,f, ,8,"
",I,S,S,N,:, ,1,7,4,0,-,4,3,9,8,"
",d,r,u,g,s,i,n,c,o,n,t,e,x,t,.,c,o,m,"
",c,o,n,c,e,r,n,s, ,t,o, ,a,l,l,o,w, ,f,o,r, ,s,t,r,o,n,g, ,r,e,c,o,m,m,e,n,d,a,t,i,o,n,s, ,i,n, ,f,a,v,o,r, ,o,f, ,o,r, ,"
",a,g,a,i,n,s,t, ,H,C,Q,., ,S,i,x, ,o,f, ,t,h,e, ,2,6, ,p,a,t,i,e,n,t,s, ,i,n, ,t,h,e, ,t,r,e,a,t,m,e,n,t, ,g,r,o,u,p, ,"
",w,e,r,e, ,l,o,s,t, ,t,o, ,f,o,l,l,o,w,-,u,p, ,a,n,d, ,w,e,r,e, ,n,o,t, ,i,n,c,l,u,d,e,d, ,i,n, ,t,h,e, ,a,n,a,l,y,s,i,s,",", ,"
",w,i,t,h, ,t,h,r,e,e, ,t,r,a,n,s,f,e,r,r,e,d, ,t,o, ,i,n,t,e,n,s,i,v,e, ,c,a,r,e, ,u,n,i,t, ,(,I,C,U,),",", ,o,n,e, ,d,e,a,t,h,",", ,"
",a,n,d, ,t,w,o, ,w,i,t,h,d,r,a,w,a,l,s,",", ,l,i,m,i,t,i,n,g, ,t,h,e, ,i,n,t,e,r,p,r,e,t,a,t,i,o,n, ,o,f, ,t,h,e, ,"
",d,a,t,a,., ,F,u,r,t,h,e,r,m,o,r,e,",", ,t,h,e, ,c,r,i,t,e,r,i,a, ,f,o,r, ,t,h,e, ,s,e,l,e,c,t,i,o,n, ,o,f, ,p,a,t,i,e,n,t,s, ,"
",r,e,c,e,i,v,i,n,g, ,a,d,d,i,t,i,o,n,a,l, ,a,z,i,t,h,r,o,m,y,c,i,n, ,w,e,r,e, ,n,o,t, ,s,p,e,c,i,˛,e,d,., ,F,i,n,a,l,l,y,",", ,"
",t,h,e, ,s,t,u,d,y, ,h,a,d, ,a, ,v,e,r,y, ,l,o,w, ,p,r,o,p,o,r,t,i,o,n, ,o,f, ,p,a,t,i,e,n,t,s, ,w,i,t,h, ,l,o,w,e,r, ,"
",r,e,s,p,i,r,a,t,o,r,y, ,t,r,a,c,t, ,p,a,t,h,o,l,o,g,y,",", ,a,n,d, ,o,u,t,c,o,m,e,s, ,o,f, ,t,h,e, ,c,l,i,n,i,c,a,l, ,"
",p,a,r,a,m,e,t,e,r,s, ,i,n,c,l,u,d,i,n,g, ,e,˚,e,c,t,s, ,o,n, ,h,e,m,o,d,y,n,a,m,i,c, ,s,t,a,b,i,l,i,t,y,",", ,"
",v,e,n,t,i,l,a,t,o,r, ,p,a,r,a,m,e,t,e,r,s,",", ,l,e,n,g,t,h, ,o,f, ,I,C,U, ,a,n,d, ,h,o,s,p,i,t,a,l, ,s,t,a,y,",", ,a,n,d, ,"
",m,o,r,t,a,l,i,t,y, ,h,a,v,e, ,n,o,t, ,b,e,e,n, ,p,u,b,l,i,s,h,e,d,., ,N,o,n,e,t,h,e,l,e,s,s,",", ,e,a,r,l,y, ,s,t,r,o,n,g, ,"
",i,n,d,i,c,a,t,i,o,n,s, ,f,o,r, ,t,h,e, ,e,˜,c,a,c,y, ,o,f, ,t,h,i,s, ,p,a,p,e,r, ,p,r,o,m,p,t,e,d, ,a,n,o,t,h,e,r, ,"
",g,r,o,u,p, ,i,n, ,F,r,a,n,c,e, ,t,o, ,p,r,o,s,p,e,c,t,i,v,e,l,y, ,s,t,u,d,y, ,1,1, ,c,o,n,s,e,c,u,t,i,v,e, ,"
",C,O,V,I,D,-,1,9, ,p,a,t,i,e,n,t,s, ,w,i,t,h, ,h,i,g,h, ,c,o,m,o,r,b,i,d,i,t,y, ,b,u,r,d,e,n, ,(,i,n, ,8, ,o,u,t, ,"
",o,f, ,1,1,), ,a,d,m,i,t,t,e,d, ,u,n,d,e,r, ,t,h,e,i,r, ,c,a,r,e, ,t,o, ,b,e, ,t,r,e,a,t,e,d, ,w,i,t,h, ,t,h,e, ,"
",c,o,m,b,i,n,a,t,i,o,n, ,r,e,g,i,m,e,n, ,o,f, ,H,C,Q, ,a,n,d, ,a,z,i,t,h,r,o,m,y,c,i,n,",", ,i,n, ,d,o,s,e,s, ,"
",s,i,m,i,l,a,r, ,t,o, ,t,h,o,s,e, ,u,s,e,d, ,i,n, ,t,h,e, ,M,a,r,s,e,i,l,l,e, ,s,t,u,d,y,., ,S,e,r,i,o,u,s, ,a,d,v,e,r,s,e, ,"
",e,v,e,n,t,s, ,(,o,n,e, ,d,e,a,t,h,",", ,t,w,o, ,t,r,a,n,s,f,e,r,s, ,t,o, ,t,h,e, ,I,C,U,",", ,a,n,d, ,o,n,e, ,d,r,u,g, ,"
",d,i,s,c,o,n,t,i,n,u,a,t,i,o,n, ,d,u,e, ,t,o, ,p,r,o,l,o,n,g,a,t,i,o,n, ,o,f, ,Q,T,c, ,i,n,t,e,r,v,a,l,), ,w,e,r,e, ,"
",r,e,p,o,r,t,e,d, ,i,n, ,4, ,o,u,t, ,o,f, ,1,1, ,p,a,t,i,e,n,t,s,",", ,a,n,d, ,8, ,o,u,t, ,o,f, ,t,h,e, ,r,e,m,a,i,n,i,n,g, ,"
",1,0, ,h,a,d, ,p,e,r,s,i,s,t,e,n,t,l,y, ,p,o,s,i,t,i,v,e, ,n,a,s,o,p,h,a,r,y,n,g,e,a,l, ,s,w,a,b, ,P,C,R, ,a,f,t,e,r, ,"
",5,Œ,6, ,d,a,y,s, ,o,f, ,t,h,e,r,a,p,y,",", ,p,r,o,m,p,t,i,n,g, ,i,n,v,e,s,t,i,g,a,t,o,r,s, ,t,o, ,c,o,n,c,l,u,d,e, ,t,h,a,t, ,"
",t,h,e,r,e, ,i,s, ,n,o, ,e,v,i,d,e,n,c,e, ,o,f, ,r,a,p,i,d, ,c,l,e,a,r,a,n,c,e, ,w,i,t,h, ,t,h,i,s, ,t,h,e,r,a,p,y,.,"
",3,6,F,i,n,d,i,n,g,s, ,f,r,o,m, ,t,w,o, ,a,d,d,i,t,i,o,n,a,l, ,r,a,n,d,o,m,i,z,e,d, ,c,o,n,t,r,o,l, ,s,t,u,d,i,e,s, ,"
",r,e,c,e,n,t,l,y, ,b,e,c,a,m,e, ,a,v,a,i,l,a,b,l,e, ,f,o,r, ,r,e,v,i,e,w,., ,I,n, ,t,h,e, ,˛,r,s,t, ,o,n,e,",", ,"
",i,n,v,e,s,t,i,g,a,t,o,r,s, ,f,r,o,m, ,W,u,h,a,n,",", ,C,h,i,n,a, ,(,R,e,n,m,i,n, ,H,o,s,p,i,t,a,l, ,o,f, ,W,u,h,a,n, ,"
",U,n,i,v,e,r,s,i,t,y,),",","
",3,7,"
", ,e,v,a,l,u,a,t,e,d, ,t,h,e, ,e,˚,e,c,t,s, ,o,f, ,a, ,5,-,d,a,y, ,c,o,u,r,s,e, ,o,f, ,H,C,Q, ,"
",(,2,0,0, ,m,g, ,t,w,i,c,e,-,a,-,d,a,y, ,r,e,g,i,m,e,n,), ,i,n, ,a,d,d,i,t,i,o,n, ,t,o, ,a, ,‚,s,t,a,n,d,a,r,d, ,"
",t,r,e,a,t,m,e,n,t,™, ,c,o,m,p,r,i,s,i,n,g, ,o,x,y,g,e,n, ,t,h,e,r,a,p,y,",", ,a,n,t,i,b,i,o,t,i,c,s,",", ,a,n,d, ,"
",i,m,m,u,n,o,g,l,o,b,u,l,i,n,",", ,w,i,t,h, ,o,r, ,w,i,t,h,o,u,t, ,c,o,r,t,i,c,o,s,t,e,r,o,i,d,s, ,c,o,m,p,a,r,e,d, ,"
",w,i,t,h, ,‚,s,t,a,n,d,a,r,d, ,t,r,e,a,t,m,e,n,t,™, ,a,l,o,n,e,., ,T,h,e, ,s,t,u,d,y, ,u,t,i,l,i,z,e,d, ,c,l,i,n,i,c,a,l, ,"
",m,e,a,s,u,r,e,s,",", ,s,u,c,h, ,a,s, ,t,h,e, ,r,e,t,u,r,n, ,o,f, ,b,o,d,y, ,t,e,m,p,e,r,a,t,u,r,e, ,a,n,d, ,"
",T,a,b,l,e, ,1,.,"
", ,I,m,p,o,r,t,a,n,t, ,c,o,m,p,l,e,t,e,d, ,a,n,d, ,p,l,a,n,n,e,d, ,c,l,i,n,i,c,a,l, ,s,t,u,d,i,e,s, ,e,x,p,l,o,r,i,n,g, ,t,h,e, ,e,˜,c,a,c,y, ,o,f, ,c,h,l,o,r,o,q,u,i,n,e,/,"
",h,y,d,r,o,x,y,c,h,l,o,r,o,q,u,i,n,e, ,i,n, ,t,h,e, ,m,a,n,a,g,e,m,e,n,t, ,(,t,r,e,a,t,m,e,n,t,/,p,r,e,v,e,n,t,i,o,n,), ,o,f, ,C,O,V,I,D,-,1,9,.,"
",S,t,u,d,y,"
",N,o,., ,o,f, ,"
",p,a,r,t,i,c,i,p,a,n,t,s,"
",D,e,s,i,g,n,"
",D,o,s,e,"
",C,o,t,h,e,r,a,p,y,"
",O,u,t,c,o,m,e,"
",A,v,a,i,l,a,b,l,e, ,r,e,p,o,r,t,s,"
",G,a,o, ,e,t, ,a,l,.,"
",3,1,>,1,0,0,"
",C,l,i,n,i,c,a,l, ,c,o,h,o,r,t,"
",U,n,k,n,o,w,n,"
",U,n,k,n,o,w,n,"
",B,e,n,e,˛,t,s, ,i,n, ,c,l,i,n,i,c,a,l, ,"
",p,a,r,a,m,e,t,e,r,s,"
",G,a,u,t,r,e,t, ,"
", ,e,t, ,a,l,.,"
",3,2,4,2,O,b,s,e,r,v,a,t,i,o,n,a,l, ,"
",p,r,o,s,p,e,c,t,i,v,e, ,"
",c,o,h,o,r,t, ,s,t,u,d,y,"
",2,0,0, ,m,g, ,t,h,r,e,e, ,t,i,m,e,s, ,"
",a, ,d,a,y, ,f,o,r, ,1,0, ,d,a,y,s,"
",A,z,i,t,h,r,o,m,y,c,i,n, ,i,n, ,6, ,o,u,t, ,"
",o,f, ,2,6, ,p,a,t,i,e,n,t,s,",", ,5,0,0, ,m,g, ,"
",o,n, ,d,a,y, ,1, ,a,n,d, ,2,5,0, ,m,g, ,"
",o,n, ,d,a,y, ,2,Œ,5,"
",V,i,r,o,l,o,g,i,c,a,l, ,c,l,e,a,r,a,n,c,e,"
",M,o,l,i,n,a, ,"
", ,e,t, ,a,l,.,"
",3,6,1,1,P,r,o,s,p,e,c,t,i,v,e, ,"
",c,o,h,o,r,t, ,s,t,u,d,y,"
",2,0,0, ,m,g, ,t,h,r,e,e, ,t,i,m,e,s, ,"
",a, ,d,a,y, ,f,o,r, ,1,0, ,d,a,y,s,"
",A,z,i,t,h,r,o,m,y,c,i,n, ,i,n, ,6, ,o,u,t, ,"
",o,f, ,2,6, ,p,a,t,i,e,n,t,s,",", ,5,0,0, ,m,g, ,"
",o,n, ,d,a,y, ,1, ,a,n,d, ,2,5,0, ,m,g, ,"
",o,n, ,d,a,y,s, ,2,Œ,5,"
",V,i,r,o,l,o,g,i,c,a,l, ,c,l,e,a,r,a,n,c,e,"
",2,0,%, ,a,t, ,d,a,y, ,5,Œ,6,"
",Z,h,a,o,w,e,i, ,"
", ,e,t, ,a,l,.,"
",3,7,"
",6,2,R,a,n,d,o,m,i,z,e,d, ,"
",c,o,n,t,r,o,l,l,e,d, ,"
",s,t,u,d,y,"
",2,0,0, ,m,g, ,t,w,i,c,e, ,a, ,d,a,y, ,"
",f,o,r, ,5, ,d,a,y,s,"
",N,o,n,e,"
",I,m,p,r,o,v,e,m,e,n,t,s, ,i,n, ,"
",c,l,i,n,i,c,a,l, ,a,n,d, ,r,a,d,i,o,l,o,g,i,c,a,l, ,"
",p,a,r,a,m,e,t,e,r,s,"
",C,h,e,n, ,"
", ,e,t, ,a,l,.,"
",3,8,3,0,R,a,n,d,o,m,i,z,e,d, ,"
",c,o,n,t,r,o,l,l,e,d, ,"
",s,t,u,d,y,"
",4,0,0, ,m,g, ,d,a,i,l,y, ,f,o,r, ,5, ,"
",d,a,y,s,"
",N,o,n,e,"
",N,o, ,i,m,p,r,o,v,e,m,e,n,t,s, ,i,n, ,"
",v,i,r,o,l,o,g,i,c,a,l, ,c,l,e,a,r,a,n,c,e, ,o,r, ,"
",c,l,i,n,i,c,a,l, ,o,r, ,r,a,d,i,o,l,o,g,i,c,a,l, ,"
",p,a,r,a,m,e,t,e,r,s,"
",I,m,p,o,r,t,a,n,t, ,u,p,c,o,m,i,n,g, ,s,t,u,d,i,e,s,*,"
",S,o,l,i,d,a,r,i,t,y, ,"
",s,t,u,d,y,*,*,"
",4,0,",",0,0,0,"
",R,a,n,d,o,m,i,z,e,d, ,"
",c,o,n,t,r,o,l,l,e,d, ,"
",s,t,u,d,y,"
",8,0,0, ,m,g, ,"
",×, ,2, ,l,o,a,d,i,n,g, ,"
",a,n,d, ,4,0,0, ,m,g, ,"
",×, ,2, ,d,a,i,l,y, ,f,o,r, ,1,0, ,d,a,y,s,"
",N,o,n,e, ,"
",M,u,l,t,i,p,l,e, ,c,o,m,p,a,r,i,s,o,n, ,"
",a,r,m,s,"
",C,l,i,n,i,c,a,l, ,p,a,r,a,m,e,t,e,r,s,"
",H,a,r,d, ,o,u,t,c,o,m,e, ,m,e,a,s,u,r,e,s,"
",B,i,o,l,o,g,i,c,a,l, ,m,a,r,k,e,r,s,"
",H,E,R,O,-,H,C,Q, ,"
",1,5,",",0,0,0,"
",R,a,n,d,o,m,i,z,e,d, ,"
",c,o,n,t,r,o,l,l,e,d, ,"
",s,t,u,d,y,"
",6,0,0, ,m,g, ,t,w,i,c,e, ,o,n, ,"
",d,a,y, ,1, ,a,n,d, ,4,0,0, ,m,g, ,"
",d,a,i,l,y, ,f,o,r, ,2,9, ,d,a,y,s,"
",N,o,n,e,"
",P,r,e,v,e,n,t,i,v,e, ,s,t,u,d,y, ,w,i,t,h, ,"
",r,a,t,e,s, ,o,f, ,t,u,r,n,i,n,g, ,v,i,r,a,l, ,"
",s,c,r,e,e,n,i,n,g, ,p,o,s,i,t,i,v,e,"
",*,A,t, ,t,h,e, ,t,i,m,e, ,o,f, ,t,h,i,s, ,m,a,n,u,s,c,r,i,p,t,",", ,t,h,e,r,e, ,a,r,e, ,o,v,e,r, ,5,0, ,d,i,˚,e,r,e,n,t, ,c,l,i,n,i,c,a,l, ,t,r,i,a,l,s, ,r,e,g,i,s,t,e,r,e,d, ,w,i,t,h, ,t,h,e, ,c,l,i,n,i,c,a,l,t,r,i,a,l,s,.,g,o,v,., ,T,h,e, ,p,r,o,s,p,e,c,t,i,v,e, ,l,i,s,t, ,"
",i,s, ,a,i,m,e,d, ,t,o, ,h,i,g,h,l,i,g,h,t, ,t,h,e, ,l,a,r,g,e,s,t, ,t,h,e,r,a,p,e,u,t,i,c, ,(,S,o,l,i,d,a,r,i,t,y, ,s,t,u,d,y,), ,a,n,d, ,p,r,e,v,e,n,t,i,v,e, ,s,t,u,d,i,e,s, ,(,H,E,R,O,-,H,C,Q,), ,r,e,g,i,s,t,e,r,e,d,.,"
",*,*,S,o,l,i,d,a,r,i,t,y, ,s,t,u,d,y, ,i,s, ,a, ,p,r,a,g,m,a,t,i,c, ,R,C,T, ,w,i,t,h, ,p,l,a,n,n,e,d, ,e,n,r,o,l,l,m,e,n,t,s, ,a,c,r,o,s,s, ,m,a,n,y, ,n,a,t,i,o,n,s, ,b,a,s,e,d, ,o,n, ,t,h,e, ,l,o,c,a,l, ,r,e,s,o,u,r,c,e,s, ,a,n,d, ,t,h,e, ,"
",n,e,e,d,s,., ,T,h,u,s,",", ,t,h,e, ,t,r,e,a,t,m,e,n,t, ,r,e,g,i,m,e,n,",", ,t,h,e,r,a,p,e,u,t,i,c, ,a,g,e,n,t,",", ,a,n,d, ,t,h,e, ,o,u,t,c,o,m,e, ,m,e,a,s,u,r,e,s, ,a,r,e, ,˛,n,a,l,i,z,e,d, ,b,y, ,t,h,e, ,l,o,c,a,l, ,s,t,u,d,y, ,t,e,a,m,., ,T,h,e, ,"
",c,u,r,r,e,n,t, ,r,e,g,i,m,e,n, ,a,n,d, ,t,h,e, ,o,u,t,c,o,m,e, ,m,e,a,s,u,r,e,s, ,a,r,e, ,d,e,p,i,c,t,i,v,e, ,o,f, ,t,h,e, ,S,o,l,i,d,a,r,i,t,y,™,s, ,N,o,r,w,a,y, ,a,r,m, ,o,f, ,t,h,e, ,s,t,u,d,y,.,"
", ,S,h,u,k,l,a, ,A,M,",", ,A,r,c,h,i,b,a,l,d, ,L,K,",", ,W,a,g,l,e, ,S,h,u,k,l,a, ,A,",", ,M,e,h,t,a, ,H,J,",", ,C,h,e,r,a,b,u,d,d,i, ,K,., ,D,r,u,g,s, ,i,n, ,C,o,n,t,e,x,t, ,2,0,2,0,;, ,9,:, ,2,0,2,0,-,4,-,5,., ,"
",D,O,I,:, ,1,0,.,7,5,7,3,/,d,i,c,.,2,0,2,0,-,4,-,5,"
", ,5, ,o,f, ,8,"
",I,S,S,N,:, ,1,7,4,0,-,4,3,9,8,"
",d,r,u,g,s,i,n,c,o,n,t,e,x,t,.,c,o,m,"
",p,e,r,s,i,s,t,e,n,t, ,i,m,p,r,o,v,e,m,e,n,t, ,o,f, ,c,o,u,g,h, ,s,y,m,p,t,o,m,s, ,l,a,s,t,i,n,g, ,>,7,2, ,"
",h,o,u,r,s,",", ,a,s, ,t,h,e, ,p,r,i,m,a,r,y, ,o,u,t,c,o,m,e,s,., ,T,h,e, ,r,e,s,u,l,t,s, ,s,h,o,w,e,d, ,t,h,a,t, ,"
",t,h,e, ,H,C,Q, ,t,r,e,a,t,m,e,n,t, ,g,r,o,u,p, ,h,a,d, ,a, ,s,i,g,n,i,˛,c,a,n,t,l,y, ,s,h,o,r,t,e,r, ,t,i,m,e, ,t,o, ,"
",r,e,a,c,h, ,a,f,e,b,r,i,l,e, ,s,t,a,t,u,s, ,(,2,.,2,±,0,.,4, ,"
",v,e,r,s,u,s,"
", ,3,.,2,±,1,.,3, ,d,a,y,s,",", ,"
",p,<,0,.,0,0,0,8,), ,"
",a,n,d, ,h,a,d, ,a, ,s,i,g,n,i,˛,c,a,n,t,l,y, ,s,h,o,r,t,e,r, ,t,i,m,e, ,t,o, ,c,o,u,g,h, ,r,e,l,i,e,f, ,(,2,.,0,±,0,.,2, ,"
",v,e,r,s,u,s,"
", ,3,.,1,±,1,.,5, ,d,a,y,s,",", ,"
",p,<,0,.,0,0,1,6,), ,c,o,m,p,a,r,e,d, ,t,o, ,t,h,e, ,s,t,a,n,d,a,r,d, ,"
",t,r,e,a,t,m,e,n,t, ,g,r,o,u,p,., ,T,h,e, ,i,n,v,e,s,t,i,g,a,t,o,r,s, ,a,l,s,o, ,f,o,u,n,d, ,t,h,a,t, ,t,h,e, ,r,a,t,e,s, ,o,f, ,"
",r,a,d,i,o,l,o,g,i,c,a,l, ,i,m,p,r,o,v,e,m,e,n,t,s, ,o,n, ,c,h,e,s,t, ,c,o,m,p,u,t,e,d, ,t,o,m,o,g,r,a,p,h,y, ,"
",(,C,T,), ,w,e,r,e, ,h,i,g,h,e,r, ,i,n, ,t,h,e, ,H,C,Q, ,t,r,e,a,t,m,e,n,t, ,g,r,o,u,p, ,(,8,0,.,6,%,",", ,2,5, ,o,f, ,"
",3,1, ,p,a,t,i,e,n,t,s,), ,c,o,m,p,a,r,e,d, ,t,o, ,t,h,e, ,c,o,n,t,r,o,l, ,g,r,o,u,p, ,(,5,4,.,8,%,",", ,1,7, ,o,f, ,3,1, ,"
",p,a,t,i,e,n,t,s,),., ,W,h,i,l,e, ,t,h,e,s,e, ,˛,n,d,i,n,g,s, ,a,r,e, ,e,n,c,o,u,r,a,g,i,n,g,",", ,a,n,o,t,h,e,r, ,s,t,u,d,y, ,"
",f,r,o,m, ,t,h,e, ,S,h,a,n,g,h,a,i, ,P,u,b,l,i,c, ,H,e,a,l,t,h, ,C,l,i,n,i,c,a,l, ,C,e,n,t,e,r, ,i,n, ,C,h,i,n,a,"
",3,8, ,d,i,d, ,"
",n,o,t, ,˛,n,d, ,s,i,m,i,l,a,r, ,b,e,n,e,˛,t,s, ,w,i,t,h, ,H,C,Q,., ,I,n, ,t,h,i,s, ,s,t,u,d,y,",", ,3,0, ,p,a,t,i,e,n,t,s, ,"
",w,i,t,h, ,c,o,n,˛,r,m,e,d, ,C,O,V,I,D,Œ,1,9, ,w,e,r,e, ,r,a,n,d,o,m,i,z,e,d, ,t,o, ,e,i,t,h,e,r, ,r,e,c,e,i,v,e, ,"
",c,o,n,v,e,n,t,i,o,n,a,l, ,t,r,e,a,t,m,e,n,t, ,o,n,l,y, ,o,r, ,c,o,n,v,e,n,t,i,o,n,a,l, ,t,r,e,a,t,m,e,n,t, ,w,i,t,h, ,"
",t,h,e, ,a,d,d,i,t,i,o,n, ,o,f, ,H,C,Q, ,(,4,0,0, ,m,g, ,d,a,i,l,y, ,f,o,r, ,5, ,d,a,y,s,),., ,T,h,e, ,i,n,v,e,s,t,i,g,a,t,o,r,s, ,"
",f,o,u,n,d, ,t,h,a,t, ,t,h,e, ,v,i,r,a,l, ,c,l,e,a,r,a,n,c,e,",", ,a,s, ,j,u,d,g,e,d, ,b,y, ,t,h,e, ,d,e,t,e,c,t,i,o,n, ,o,f, ,"
",t,h,e, ,v,i,r,a,l, ,n,u,c,l,e,i,c, ,a,c,i,d, ,i,n, ,t,h,e, ,p,h,a,r,y,n,g,e,a,l, ,s,w,a,b, ,o,n, ,d,a,y, ,7, ,a,f,t,e,r, ,"
",t,r,e,a,t,m,e,n,t, ,i,n,i,t,i,a,t,i,o,n,",", ,w,a,s, ,n,o,t, ,d,i,˚,e,r,e,n,t, ,f,o,r, ,t,h,e, ,t,w,o, ,g,r,o,u,p,s,., ,T,h,e,y, ,"
",a,l,s,o, ,f,o,u,n,d, ,t,h,a,t, ,t,h,e, ,d,i,˚,e,r,e,n,c,e, ,i,n, ,t,h,e, ,m,e,d,i,a,n, ,t,i,m,e, ,t,o, ,a,c,h,i,e,v,e, ,"
",a,f,e,b,r,i,l,e, ,s,t,a,t,u,s, ,a,n,d, ,i,n, ,t,h,e, ,r,a,d,i,o,l,o,g,i,c,a,l, ,˛,n,d,i,n,g,s, ,o,f, ,p,n,e,u,m,o,n,i,a, ,"
",w,a,s, ,n,o,t, ,d,i,˚,e,r,e,n,t, ,f,o,r, ,t,h,e, ,t,w,o, ,g,r,o,u,p,s,.,"
",P,h,a,r,m,a,c,o,k,i,n,e,t,i,c,s, ,a,n,d, ,s,a,f,e,t,y, ,"
",c,o,n,c,e,r,n,s, ,"
",D,e,t,a,i,l,s, ,o,f, ,t,h,e, ,p,h,a,r,m,a,c,o,k,i,n,e,t,i,c,s, ,a,n,d, ,s,a,f,e,t,y, ,p,r,o,˛,l,e,s, ,f,o,r, ,"
",c,h,l,o,r,o,q,u,i,n,e,/,H,C,Q, ,w,e,r,e, ,r,e,c,e,n,t,l,y, ,r,e,v,i,e,w,e,d, ,i,n, ,t,h,i,s, ,j,o,u,r,n,a,l, ,a,n,d, ,"
",a,r,e, ,a,v,a,i,l,a,b,l,e,.,"
",1, ,W,e, ,h,a,v,e, ,m,o,r,e, ,t,h,a,n, ,s,e,v,e,n, ,d,e,c,a,d,e,s, ,o,f, ,c,l,i,n,i,c,a,l, ,"
",e,x,p,e,r,i,e,n,c,e, ,w,i,t,h, ,t,h,e,s,e, ,a,g,e,n,t,s,",", ,a,n,d, ,o,v,e,r,a,l,l,",", ,t,h,e, ,s,a,f,e,t,y, ,o,f, ,t,h,e,s,e, ,"
",a,g,e,n,t,s, ,i,s, ,w,e,l,l, ,e,s,t,a,b,l,i,s,h,e,d,., ,H,C,Q, ,i,s, ,t,h,e, ,s,t,r,u,c,t,u,r,a,l, ,a,n,a,l,o,g, ,o,f, ,"
",t,h,e, ,c,h,l,o,r,o,q,u,i,n,e, ,m,o,l,e,c,u,l,e, ,w,i,t,h, ,t,h,e, ,a,d,d,i,t,i,o,n, ,o,f, ,a, ,˘,-,h,y,d,r,o,x,y,l, ,"
",m,o,i,e,t,y, ,a,t, ,o,n,e, ,e,n,d,., ,A,l,t,h,o,u,g,h, ,t,h,i,s, ,i,m,p,a,r,t,s, ,H,C,Q, ,a, ,c,o,m,p,a,r,a,b,l,e, ,"
",c,l,i,n,i,c,a,l, ,e,˜,c,a,c,y,",", ,i,t, ,h,a,s, ,b,e,e,n, ,n,o,t,i,c,e,d, ,t,o, ,d,o, ,s,o, ,b,y, ,p,r,o,v,i,d,i,n,g, ,"
",a, ,b,e,t,t,e,r, ,s,a,f,e,t,y, ,p,r,o,˛,l,e,.,"
",1, ,I,n, ,m,o,d,e,r,n, ,m,e,d,i,c,i,n,e,",", ,H,C,Q, ,i,s, ,a, ,m,o,r,e, ,"
",c,o,m,m,o,n,l,y, ,u,s,e,d, ,f,o,r,m,u,l,a,t,i,o,n, ,f,o,r, ,m,o,s,t, ,n,o,n,-,m,a,l,a,r,i,a,l, ,i,n,d,i,c,a,t,i,o,n,s,., ,"
",B,o,t,h, ,t,h,e,s,e, ,a,g,e,n,t,s, ,a,r,e, ,c,h,e,a,p,",", ,s,a,f,e,",", ,a,n,d, ,w,e,l,l, ,t,o,l,e,r,a,t,e,d, ,b,y, ,m,o,s,t, ,"
",p,a,t,i,e,n,t, ,p,o,p,u,l,a,t,i,o,n,s,",", ,i,n,c,l,u,d,i,n,g, ,p,r,e,g,n,a,n,t, ,w,o,m,e,n, ,a,n,d, ,t,h,o,s,e, ,"
",w,i,t,h, ,c,h,r,o,n,i,c, ,d,i,s,e,a,s,e,s, ,o,r, ,i,m,m,u,n,o,c,o,m,p,r,o,m,i,s,e,d, ,s,t,a,t,u,s,., ,T,h,e,y, ,a,r,e, ,"
",a,d,m,i,n,i,s,t,e,r,e,d, ,o,r,a,l,l,y, ,a,n,d, ,h,a,v,e, ,a, ,n,e,a,r,-,c,o,m,p,l,e,t,e, ,a,b,s,o,r,p,t,i,o,n, ,f,r,o,m, ,"
",t,h,e, ,g,a,s,t,r,o,i,n,t,e,s,t,i,n,a,l, ,t,r,a,c,t, ,w,i,t,h, ,a,b,o,u,t, ,7,5,%, ,b,i,o,a,v,a,i,l,a,b,i,l,i,t,y,.,"
",3,9, ,P,e,a,k, ,"
",d,r,u,g, ,c,o,n,c,e,n,t,r,a,t,i,o,n,s, ,a,r,e, ,a,c,h,i,e,v,e,d, ,i,n, ,a,b,o,u,t, ,4,Œ,1,2, ,h,o,u,r,s, ,a,f,t,e,r, ,"
",o,r,a,l, ,a,d,m,i,n,i,s,t,r,a,t,i,o,n, ,a,n,d, ,a,r,e, ,e,x,c,r,e,t,e,d, ,p,r,i,n,c,i,p,a,l,l,y, ,t,h,r,o,u,g,h, ,t,h,e, ,"
",k,i,d,n,e,y,s,",", ,t,h,e, ,p,r,o,c,e,s,s, ,f,a,c,i,l,i,t,a,t,e,d, ,b,y, ,a,c,i,d,i,˛,c,a,t,i,o,n, ,o,f, ,t,h,e, ,u,r,i,n,e,., ,"
",S,m,a,l,l, ,q,u,a,n,t,i,t,i,e,s, ,a,r,e, ,a,l,s,o, ,e,x,c,r,e,t,e,d, ,t,h,r,o,u,g,h, ,t,h,e, ,b,i,l,e,",", ,s,w,e,a,t,",", ,"
",a,n,d, ,s,a,l,i,v,a,., ,T,h,e,y, ,a,r,e, ,w,i,d,e,l,y, ,d,i,s,t,r,i,b,u,t,e,d, ,t,h,r,o,u,g,h,o,u,t, ,t,h,e, ,b,o,d,y,",", ,"
",i,n,c,l,u,d,i,n,g, ,t,h,e, ,l,u,n,g,",", ,"
",4,0,"
", ,a,n,d, ,h,a,v,e, ,a, ,l,a,r,g,e, ,v,o,l,u,m,e, ,o,f, ,d,i,s,t,r,i,b,u,t,i,o,n, ,"
",w,i,t,h, ,s,i,g,n,i,˛,c,a,n,t, ,i,n,t,r,a,c,e,l,l,u,l,a,r, ,s,e,q,u,e,s,t,r,a,t,i,o,n,",", ,a,l,l,o,w,i,n,g, ,t,h,e,m, ,t,o, ,"
",h,a,v,e, ,a, ,l,o,n,g, ,f,u,n,c,t,i,o,n,a,l, ,h,a,l,f,-,l,i,f,e, ,(,4,0,Œ,5,0, ,d,a,y,s,), ,a,n,d, ,a,c,h,i,e,v,e, ,s,t,a,b,l,e, ,"
",p,l,a,s,m,a, ,l,e,v,e,l,s, ,u,s,u,a,l,l,y, ,a,f,t,e,r, ,4,Œ,6, ,w,e,e,k,s, ,o,f, ,r,e,g,u,l,a,r, ,d,a,i,l,y, ,d,o,s,i,n,g,.,"
",2,7, ,U,n,f,o,r,t,u,n,a,t,e,l,y,",", ,t,h,e,s,e, ,k,i,n,e,t,i,c,s, ,h,a,v,e, ,b,e,e,n, ,s,t,u,d,i,e,d, ,w,i,t,h, ,c,h,r,o,n,i,c, ,"
",u,s,e, ,o,f, ,c,h,l,o,r,o,q,u,i,n,e,/,H,C,Q,",", ,a,n,d, ,i,t,s, ,a,p,p,l,i,c,a,b,i,l,i,t,y,",", ,e,s,p,e,c,i,a,l,l,y, ,i,n, ,"
",s,h,o,r,t, ,c,o,u,r,s,e,s,",", ,c,o,n,c,e,r,n,i,n,g, ,a,l,v,e,o,l,a,r, ,c,o,n,c,e,n,t,r,a,t,i,o,n, ,i,s, ,n,o,t, ,k,n,o,w,n,.,"
",T,h,e, ,m,o,s,t, ,f,r,e,q,u,e,n,t, ,a,d,v,e,r,s,e, ,e,˚,e,c,t,s, ,r,e,l,a,t,e,d, ,t,o, ,a,c,u,t,e, ,u,s,e, ,"
",c,o,m,p,r,i,s,e, ,g,a,s,t,r,o,i,n,t,e,s,t,i,n,a,l, ,i,n,t,o,l,e,r,a,n,c,e,",", ,c,o,n,c,e,r,n,s, ,f,o,r, ,a,c,u,t,e, ,"
",a,n,e,m,i,a, ,Œ, ,e,s,p,e,c,i,a,l,l,y, ,i,n, ,p,a,t,i,e,n,t,s, ,w,i,t,h, ,p,r,e,-,e,x,i,s,t,i,n,g, ,g,l,u,c,o,s,e,-,6,-,"
",p,h,o,s,p,h,a,t,e, ,d,e,h,y,d,r,o,g,e,n,a,s,e, ,(,G,6,P,D,), ,d,e,˛,c,i,e,n,c,y,",", ,a,n,d, ,˝,a,s,h,i,n,g, ,"
",l,i,g,h,t,s, ,a,s, ,a,n, ,a,c,u,t,e, ,m,a,n,i,f,e,s,t,a,t,i,o,n, ,o,f, ,r,e,t,i,n,o,p,a,t,h,y,., ,W,h,i,l,e, ,t,h,e, ,r,i,s,k, ,o,f, ,"
",r,e,t,i,n,o,p,a,t,h,y, ,i,s, ,a, ,m,a,j,o,r, ,l,i,m,i,t,i,n,g, ,f,a,c,t,o,r, ,f,o,r, ,c,h,r,o,n,i,c, ,u,s,e, ,a,t, ,h,i,g,h,e,r, ,"
",d,o,s,e,s,",", ,t,h,i,s, ,i,s, ,l,i,k,e,l,y, ,t,o, ,b,e, ,l,e,s,s, ,o,f, ,a, ,c,o,n,c,e,r,n, ,w,i,t,h, ,a,c,u,t,e, ,s,h,o,r,t,-,t,e,r,m, ,"
",d,o,s,e,s, ,r,e,c,o,m,m,e,n,d,e,d, ,f,o,r, ,C,O,V,I,D,-,1,9,",", ,e,s,p,e,c,i,a,l,l,y, ,f,o,r, ,H,C,Q, ,t,h,a,t, ,"
",h,a,s, ,a, ,f,a,s,t,e,r, ,c,l,e,a,r,a,n,c,e, ,f,r,o,m, ,r,e,t,i,n,a,l, ,p,i,g,m,e,n,t, ,c,e,l,l,s,",", ,c,o,m,p,a,r,e,d, ,"
",t,o, ,c,h,l,o,r,o,q,u,i,n,e,.,"
",4,1, ,A,n,o,t,h,e,r, ,c,o,n,c,e,r,n, ,p,a,r,t,i,c,u,l,a,r,l,y, ,r,e,l,e,v,a,n,t, ,t,o, ,"
",t,h,e, ,c,u,r,r,e,n,t, ,p,a,n,d,e,m,i,c, ,i,s, ,t,h,e, ,p,o,s,s,i,b,i,l,i,t,y, ,o,f, ,m,y,o,c,a,r,d,i,a,l, ,t,o,x,i,c,i,t,y,",", ,"
",Q,T,c, ,i,n,t,e,r,v,a,l, ,p,r,o,l,o,n,g,a,t,i,o,n,",", ,a,n,d, ,t,h,e, ,p,o,s,s,i,b,i,l,i,t,y, ,o,f, ,c,a,r,d,i,a,c, ,"
",a,r,r,h,y,t,h,m,i,a,s,., ,S,e,v,e,r,a,l, ,a,n,e,c,d,o,t,a,l, ,r,e,p,o,r,t,s, ,a,n,d, ,c,o,h,o,r,t,s, ,h,a,v,e, ,r,a,i,s,e,d, ,"
",c,o,n,c,e,r,n,s, ,f,o,r, ,c,h,l,o,r,o,q,u,i,n,e,/,H,C,Q, ,-,i,n,d,u,c,e,d, ,c,a,r,d,i,o,m,y,o,p,a,t,h,y,.,"
",4,2, ,H,o,w,e,v,e,r,",", ,a, ,d,e,t,a,i,l,e,d, ,r,e,v,i,e,w, ,o,f, ,t,h,e, ,d,a,t,a, ,s,u,g,g,e,s,t,s, ,t,h,a,t, ,t,h,e,s,e, ,"
",c,o,n,c,e,r,n,s, ,a,r,e, ,s,i,g,n,i,˛,c,a,n,t, ,l,a,r,g,e,l,y, ,i,n, ,p,a,t,i,e,n,t,s, ,p,r,e,s,c,r,i,b,e,d, ,h,i,g,h, ,"
",d,o,s,e,s, ,o,f, ,t,h,e,s,e, ,a,g,e,n,t,s,.,"
",4,3, ,R,e,c,e,n,t, ,r,e,p,o,r,t,s, ,h,a,v,e, ,a,l,s,o, ,s,u,g,g,e,s,t,e,d, ,"
",t,h,a,t, ,C,O,V,I,D,-,1,9, ,i,t,s,e,l,f, ,m,a,y, ,c,a,u,s,e, ,m,y,o,c,a,r,d,i,a,l, ,i,n,j,u,r,y,",", ,w,h,i,c,h, ,"
",i,n, ,a,n,d, ,o,f, ,i,t,s,e,l,f, ,i,s, ,a,s,s,o,c,i,a,t,e,d, ,w,i,t,h, ,t,h,e, ,h,i,g,h,e,r, ,i,n,c,i,d,e,n,c,e, ,o,f, ,"
",a,d,v,e,r,s,e, ,o,u,t,c,o,m,e,s,.,"
",4,4,"
", ,I,t, ,i,s, ,n,o,t,e,w,o,r,t,h,y, ,t,h,a,t, ,t,h,e, ,r,i,s,k, ,o,f, ,a,d,v,e,r,s,e, ,"
",o,u,t,c,o,m,e,s,",", ,a,n,d, ,h,e,n,c,e, ,t,h,e, ,n,e,e,d, ,f,o,r, ,t,h,e,r,a,p,y,",", ,i,s, ,h,i,g,h,e,r, ,i,n, ,t,h,e, ,"
",e,l,d,e,r,l,y, ,C,O,V,I,D,-,1,9, ,p,o,p,u,l,a,t,i,o,n, ,w,i,t,h, ,m,u,l,t,i,p,l,e, ,c,h,r,o,n,i,c, ,d,i,s,e,a,s,e,s,",", ,t,h,e, ,"
",e,x,a,c,t, ,p,o,p,u,l,a,t,i,o,n, ,a,t, ,h,i,g,h,e,r, ,c,h,a,n,c,e,s, ,o,f, ,h,a,v,i,n,g, ,c,o,m,o,r,b,i,d,i,t,i,e,s, ,o,r, ,"
",m,e,d,i,c,a,t,i,o,n,s, ,c,a,u,s,i,n,g, ,Q,T,c, ,p,r,o,l,o,n,g,a,t,i,o,n,., ,I,n, ,t,h,i,s, ,r,e,g,a,r,d, ,t,h,o,u,g,h,",", ,"
",r,e,t,r,o,s,p,e,c,t,i,v,e, ,a,n,a,l,y,s,e,s, ,o,f, ,t,h,e, ,r,h,e,u,m,a,t,o,l,o,g,i,c,a,l, ,c,o,h,o,r,t,s, ,h,a,v,e, ,"
",s,h,o,w,n, ,t,h,a,t, ,t,h,e, ,i,n,c,i,d,e,n,c,e, ,o,f, ,c,a,r,d,i,a,c, ,a,r,r,h,y,t,h,m,i,a,s, ,i,s, ,l,o,w,e,r, ,i,n, ,"
",p,a,t,i,e,n,t,s, ,o,n, ,t,h,e,r,a,p,y, ,w,i,t,h, ,t,h,e,s,e, ,a,g,e,n,t,s, ,c,o,m,p,a,r,e,d, ,t,o, ,t,h,o,s,e, ,"
",n,o,t, ,o,n, ,t,r,e,a,t,m,e,n,t,.,"
",4,5, ,A,l,t,h,o,u,g,h, ,r,e,a,s,s,u,r,i,n,g,",", ,t,h,e,s,e, ,m,u,t,u,a,l,l,y, ,"
",c,o,n,t,r,a,d,i,c,t,o,r,y, ,d,a,t,a, ,d,e,m,a,n,d, ,a,d,d,i,t,i,o,n,a,l, ,c,a,u,t,i,o,n,",", ,a,s, ,t,h,e, ,d,o,s,e,s, ,o,f, ,"
",H,C,Q, ,r,e,c,o,m,m,e,n,d,e,d, ,f,o,r, ,t,h,e, ,t,r,e,a,t,m,e,n,t, ,o,f, ,C,O,V,I,D,-,1,9, ,a,r,e, ,h,i,g,h,e,r, ,"
",t,h,a,n, ,t,h,o,s,e, ,u,s,e,d, ,c,o,n,v,e,n,t,i,o,n,a,l,l,y, ,f,o,r, ,c,h,r,o,n,i,c, ,l,o,w,-,d,o,s,e, ,t,h,e,r,a,p,y,",", ,"
",a,n,d, ,t,h,e,i,r, ,i,n,t,e,r,p,l,a,y, ,w,i,t,h, ,d,i,r,e,c,t, ,t,o,x,i,c,i,t,y, ,o,f, ,S,A,R,S,-,C,o,V,-,2, ,i,s, ,n,o,t, ,"
",k,n,o,w,n,., ,T,h,u,s,",", ,e,s,p,e,c,i,a,l,l,y, ,f,o,r, ,t,h,e, ,h,i,g,h,-,r,i,s,k, ,p,o,p,u,l,a,t,i,o,n, ,w,i,t,h, ,"
",s,i,g,n,i,˛,c,a,n,t, ,c,o,m,o,r,b,i,d,i,t,y, ,b,u,r,d,e,n,",", ,i,t, ,m,a,y, ,b,e, ,p,r,u,d,e,n,t, ,t,o, ,o,b,t,a,i,n, ,a, ,"
",r,o,u,t,i,n,e, ,e,l,e,c,t,r,o,c,a,r,d,i,o,g,r,a,m, ,p,r,i,o,r, ,t,o, ,i,n,i,t,i,a,t,i,n,g, ,H,C,Q, ,t,h,e,r,a,p,y,., ,A,s, ,"
",a,z,i,t,h,r,o,m,y,c,i,n, ,i,s, ,a,l,s,o, ,k,n,o,w,n, ,t,o, ,p,r,o,l,o,n,g, ,t,h,e, ,Q,T,c, ,i,n,t,e,r,v,a,l,",", ,p,a,t,i,e,n,t,s, ,"
",w,i,t,h, ,p,r,o,l,o,n,g,e,d, ,Q,T,c, ,(,i,.,e,4,5,0,Œ,5,0,0, ,m,s,e,c,), ,m,a,y, ,b,e, ,b,e,t,t,e,r, ,s,e,r,v,e,d, ,"
",b,y, ,a,v,o,i,d,i,n,g, ,a, ,c,o,m,b,i,n,a,t,i,o,n, ,r,e,g,i,m,e,n, ,o,r, ,w,i,t,h, ,o,n,g,o,i,n,g, ,t,e,l,e,m,e,t,r,y, ,"
",m,o,n,i,t,o,r,i,n,g, ,f,o,r, ,t,h,e, ,o,c,c,u,r,r,e,n,c,e, ,o,f, ,a,r,r,h,y,t,h,m,i,a,s,.,"
",C,o,n,c,l,u,s,i,o,n,s,"
",T,h,e, ,a,v,a,i,l,a,b,l,e, ,d,a,t,a, ,t,a,k,e,n, ,t,o,g,e,t,h,e,r, ,s,h,o,w, ,t,h,a,t, ,c,h,l,o,r,o,q,u,i,n,e,/,"
",H,C,Q, ,a,p,p,e,a,r,s, ,t,o, ,h,a,v,e, ,a, ,p,o,t,e,n,t,i,a,l, ,r,o,l,e, ,i,n, ,t,h,e, ,m,a,n,a,g,e,m,e,n,t, ,o,f, ,"
",t,h,e, ,c,l,i,n,i,c,a,l, ,s,y,n,d,r,o,m,e, ,o,f, ,t,h,e, ,C,O,V,I,D,-,1,9,., ,H,o,w,e,v,e,r,",", ,t,h,e, ,l,e,v,e,l, ,"
",o,f, ,p,r,e,c,l,i,n,i,c,a,l, ,a,n,d, ,c,l,i,n,i,c,a,l, ,e,v,i,d,e,n,c,e, ,i,s, ,n,o,t, ,r,o,b,u,s,t, ,a,n,d, ,m,u,s,t, ,"
",b,e, ,b,a,c,k,e,d, ,b,y, ,a, ,h,i,g,h,e,r, ,l,e,v,e,l, ,o,f, ,d,a,t,a,., ,U,n,f,o,r,t,u,n,a,t,e,l,y,",", ,l,a,c,k, ,o,f, ,"
",a,l,t,e,r,n,a,t,i,v,e, ,t,h,e,r,a,p,y,",", ,h,i,g,h, ,r,a,t,e, ,o,f, ,i,n,f,e,c,t,i,o,u,s,n,e,s,s, ,a,n,d, ,m,o,r,t,a,l,i,t,y,",", ,"
",a,n,d, ,t,h,e, ,r,a,p,i,d,i,t,y, ,o,f, ,s,p,r,e,a,d, ,e,l,e,v,a,t,e, ,t,h,e, ,n,a,t,u,r,e, ,o,f, ,p,u,b,l,i,c, ,"
",h,e,a,l,t,h, ,h,a,z,a,r,d,s, ,r,e,l,a,t,e,d, ,t,o, ,C,O,V,I,D,-,1,9,., ,T,h,e, ,p,a,n,d,e,m,i,c, ,h,a,s, ,m,a,n,y, ,"
",h,e,a,l,t,h, ,a,n,d, ,n,o,n,-,h,e,a,l,t,h, ,r,a,m,i,˛,c,a,t,i,o,n,s,",", ,i,n,c,l,u,d,i,n,g, ,t,h,e, ,g,l,o,b,a,l, ,"
",r,e,c,e,s,s,i,o,n,., ,T,h,u,s,",", ,a, ,r,i,s,i,n,g, ,n,u,m,b,e,r, ,o,f, ,r,e,g,u,l,a,t,o,r,y, ,h,e,a,l,t,h,c,a,r,e, ,"
",a,g,e,n,c,i,e,s, ,f,r,o,m, ,a,c,r,o,s,s, ,t,h,e, ,g,l,o,b,e,",", ,i,n,c,l,u,d,i,n,g, ,C,h,i,n,a,",", ,I,t,a,l,y,",", ,"
",F,r,a,n,c,e,",", ,E,u,r,o,p,e,",", ,C,a,n,a,d,a,",", ,a,n,d, ,t,h,e, ,U,S,A, ,Œ, ,l,i,s,t, ,n,o,t, ,e,x,h,a,u,s,t,i,v,e,",", ,"
",h,a,v,e, ,i,n,c,l,u,d,e,d, ,t,h,e,s,e, ,c,o,m,p,o,u,n,d,s, ,i,n, ,t,h,e,i,r, ,g,u,i,d,e,l,i,n,e,s, ,f,o,r, ,"
",t,r,e,a,t,i,n,g, ,C,O,V,I,D,Œ,1,9,.,"
",4,6, ,A,t, ,t,h,e, ,s,a,m,e, ,t,i,m,e,",", ,t,h,e,r,e, ,a,r,e, ,a,l,s,o, ,o,v,e,r, ,"
",5,0, ,s,t,u,d,i,e,s, ,o,f, ,v,a,r,y,i,n,g, ,e,n,r,o,l,l,m,e,n,t, ,t,a,r,g,e,t,s,",", ,a,n,d, ,a, ,v,a,r,i,e,t,y, ,o,f, ,"
", ,S,h,u,k,l,a, ,A,M,",", ,A,r,c,h,i,b,a,l,d, ,L,K,",", ,W,a,g,l,e, ,S,h,u,k,l,a, ,A,",", ,M,e,h,t,a, ,H,J,",", ,C,h,e,r,a,b,u,d,d,i, ,K,., ,D,r,u,g,s, ,i,n, ,C,o,n,t,e,x,t, ,2,0,2,0,;, ,9,:, ,2,0,2,0,-,4,-,5,., ,"
",D,O,I,:, ,1,0,.,7,5,7,3,/,d,i,c,.,2,0,2,0,-,4,-,5,"
", ,6, ,o,f, ,8,"
",I,S,S,N,:, ,1,7,4,0,-,4,3,9,8,"
",d,r,u,g,s,i,n,c,o,n,t,e,x,t,.,c,o,m,"
",c,l,i,n,i,c,a,l,",", ,b,i,o,l,o,g,i,c,a,l,",", ,a,n,d, ,m,o,r,t,a,l,i,t,y,-,r,e,l,a,t,e,d, ,o,u,t,c,o,m,e, ,m,e,a,s,u,r,e,s, ,"
",r,e,g,i,s,t,e,r,e,d, ,w,i,t,h, ,t,h,e, ,c,l,i,n,i,c,a,l,t,r,i,a,l,s,.,g,o,v,., ,P,r,o,m,i,n,e,n,t, ,a,m,o,n,g, ,t,h,e,s,e, ,"
",a,r,e, ,t,w,o, ,m,a,j,o,r, ,s,t,u,d,i,e,s, ,t,h,a,t, ,a,i,m, ,t,o, ,e,v,a,l,u,a,t,e, ,t,h,e, ,e,˚,e,c,t, ,o,f, ,t,h,e,s,e, ,"
",a,g,e,n,t,s, ,o,n, ,t,h,e,r,a,p,y, ,(,W,H,O,-,s,p,o,n,s,o,r,e,d, ,p,r,a,g,m,a,t,i,c, ,r,a,n,d,o,m,i,z,e,d, ,"
",s,t,u,d,y,;, ,S,o,l,i,d,a,r,i,t,y, ,t,r,i,a,l,),"
",4,7, ,a,n,d, ,t,h,e, ,p,r,o,p,h,y,l,a,x,i,s, ,(,N,a,t,i,o,n,a,l, ,"
",I,n,s,t,i,t,u,t,e,e,a,l,t,h, ,[,N,I,H,],-,s,p,o,n,s,o,r,e,d, ,s,t,u,d,y, ,e,v,a,l,u,a,t,i,n,g, ,t,h,e, ,"
",p,r,e,v,e,n,t,i,v,e, ,a,s,p,e,c,t,s, ,i,n, ,t,h,e, ,h,e,a,l,t,h,c,a,r,e, ,w,o,r,k,e,r,s, ,Œ, ,T,h,e,a,l,t,h,c,a,r,e, ,"
",W,o,r,k,e,r, ,E,x,p,o,s,u,r,e, ,R,e,s,p,o,n,s,e, ,&, ,O,u,t,c,o,m,e,s,-,H,C,Q, ,[,H,E,R,O,-,H,C,Q,],),.,"
",4,8,"
", ,P,e,n,d,i,n,g, ,t,h,e, ,a,v,a,i,l,a,b,i,l,i,t,y, ,o,f, ,s,u,c,h, ,c,o,n,˛,r,m,a,t,o,r,y, ,s,t,u,d,i,e,s,",", ,t,h,e, ,u,s,e, ,"
",o,f, ,t,h,e,s,e, ,a,g,e,n,t,s, ,i,n, ,C,O,V,I,D,-,1,9, ,s,h,o,u,l,d, ,b,e, ,v,i,e,w,e,d, ,a,s, ,e,x,p,e,r,i,m,e,n,t,a,l, ,"
",a,t, ,t,h,i,s, ,s,t,a,g,e,",", ,a,n,d, ,i,t, ,s,h,o,u,l,d, ,a,d,h,e,r,e, ,t,o, ,l,o,c,a,l,",", ,r,e,g,i,o,n,a,l,",", ,o,r, ,"
",n,a,t,i,o,n,a,l, ,e,t,h,i,c,s, ,a,n,d, ,r,e,s,e,a,r,c,h, ,g,u,i,d,e,l,i,n,e,s,.,"
",C,o,n,t,r,i,b,u,t,i,o,n,s,:,"
", , ,A,s,h,u,t,o,s,h, ,S,h,u,k,l,a, ,w,a,s, ,i,n,v,o,l,v,e,d, ,i,n, ,t,h,e, ,c,o,n,c,e,p,t,i,o,n,",", ,e,x,e,c,u,t,i,o,n,",", ,r,e,v,i,e,w,",", ,a,n,d, ,c,r,i,t,i,q,u,e, ,o,f, ,t,h,e, ,m,a,n,u,s,c,r,i,p,t,;, ,L,e,n,n,o,x, ,K, ,A,r,c,h,i,b,a,l,d, ,"
",w,a,s, ,i,n,v,o,l,v,e,d, ,i,n, ,t,h,e, ,r,e,v,i,e,w, ,a,n,d, ,c,r,i,t,i,q,u,e, ,o,f, ,t,h,e, ,m,a,n,u,s,c,r,i,p,t,;, ,A,p,a,r,n,a, ,W,a,g,l,e, ,S,h,u,k,l,a, ,w,a,s, ,i,n,v,o,l,v,e,d, ,i,n, ,t,h,e, ,o,r,g,a,n,i,z,a,t,i,o,n,",", ,r,e,v,i,e,w,",", ,a,n,d, ,c,r,i,t,i,q,u,e, ,o,f, ,t,h,e, ,"
",m,a,n,u,s,c,r,i,p,t,;, ,H,i,r,e,n, ,M,e,h,t,a, ,w,a,s, ,i,n,v,o,l,v,e,d, ,i,n, ,t,h,e, ,r,e,v,i,e,w, ,a,n,d, ,c,r,i,t,i,q,u,e, ,o,f, ,t,h,e, ,m,a,n,u,s,c,r,i,p,t,;, ,K,a,r,t,i,k,e,y,a, ,C,h,e,r,a,b,u,d,d,i, ,w,a,s, ,i,n,v,o,l,v,e,d, ,i,n, ,t,h,e, ,o,r,g,a,n,i,z,a,t,i,o,n,",", ,"
",r,e,v,i,e,w,",", ,a,n,d, ,c,r,i,t,i,q,u,e, ,o,f, ,t,h,e, ,m,a,n,u,s,c,r,i,p,t,., ,A,l,l, ,n,a,m,e,d, ,a,u,t,h,o,r,s, ,m,e,e,t, ,t,h,e, ,I,n,t,e,r,n,a,t,i,o,n,a,l, ,C,o,m,m,i,t,t,e,e, ,o,f, ,M,e,d,i,c,a,l, ,J,o,u,r,n,a,l, ,E,d,i,t,o,r,s, ,(,I,C,M,J,E,), ,c,r,i,t,e,r,i,a, ,f,o,r, ,"
",a,u,t,h,o,r,s,h,i,p, ,f,o,r, ,t,h,i,s, ,a,r,t,i,c,l,e,",", ,t,a,k,e, ,r,e,s,p,o,n,s,i,b,i,l,i,t,y, ,f,o,r, ,t,h,e, ,i,n,t,e,g,r,i,t,y, ,o,f, ,t,h,e, ,w,o,r,k, ,a,s, ,a, ,w,h,o,l,e,",", ,a,n,d, ,h,a,v,e, ,g,i,v,e,n, ,t,h,e,i,r, ,a,p,p,r,o,v,a,l, ,f,o,r, ,t,h,i,s, ,v,e,r,s,i,o,n, ,t,o, ,b,e, ,"
",p,u,b,l,i,s,h,e,d,., ,"
",D,i,s,c,l,o,s,u,r,e, ,a,n,d, ,p,o,t,e,n,t,i,a,l, ,c,o,n,˜,i,c,t,s, ,o,f, ,i,n,t,e,r,e,s,t,:,"
", ,T,h,e, ,a,u,t,h,o,r,s, ,d,e,c,l,a,r,e, ,t,h,a,t, ,t,h,e,y, ,h,a,v,e, ,n,o, ,c,o,n,˝,i,c,t,s, ,o,f, ,i,n,t,e,r,e,s,t, ,r,e,l,e,v,a,n,t, ,t,o, ,t,h,i,s, ,m,a,n,u,s,c,r,i,p,t,., ,"
",T,h,e, ,I,n,t,e,r,n,a,t,i,o,n,a,l, ,C,o,m,m,i,t,t,e,e, ,o,f, ,M,e,d,i,c,a,l, ,J,o,u,r,n,a,l, ,E,d,i,t,o,r,s, ,(,I,C,M,J,E,), ,P,o,t,e,n,t,i,a,l, ,C,o,n,˝,i,c,t,s, ,o,f, ,I,n,t,e,r,e,s,t,s, ,f,o,r,m, ,f,o,r, ,t,h,e, ,a,u,t,h,o,r,s, ,i,s, ,a,v,a,i,l,a,b,l,e, ,f,o,r, ,d,o,w,n,l,o,a,d, ,a,t,:, ,"
",h,t,t,p,s,:,/,/,w,w,w,.,d,r,u,g,s,i,n,c,o,n,t,e,x,t,.,c,o,m,/,w,p,-,c,o,n,t,e,n,t,/,u,p,l,o,a,d,s,/,2,0,2,0,/,0,4,/,d,i,c,.,2,0,2,0,-,4,-,5,-,C,O,I,.,p,d,f,"
",A,c,k,n,o,w,l,e,d,g,e,m,e,n,t,s,:,"
", ,A,s,h,u,t,o,s,h, ,S,h,u,k,l,a, ,r,e,p,o,r,t,s, ,t,h,e, ,f,o,l,l,o,w,i,n,g, ,V,A, ,M,e,r,i,t, ,G,r,a,n,t, ,s,u,p,p,o,r,t,s, ,f,r,o,m, ,t,h,e, ,D,e,p,a,r,t,m,e,n,t, ,o,f, ,V,e,t,e,r,a,n,s, ,A,˚,a,i,r,s, ,(,I,0,1,C,X,0,0,1,6,6,1,:, ,"
",M,a,n,a,g,e,m,e,n,t, ,o,f, ,c,a,r,d,i,o,v,a,s,c,u,l,a,r, ,d,i,s,e,a,s,e, ,i,n, ,a,d,v,a,n,c,e,d, ,C,K,D, ,a,n,d, ,I,0,1,H,X,0,0,2,6,3,9,:, ,A, ,s,y,s,t,e,m,-,w,i,d,e, ,s,t,r,a,t,e,g,y, ,f,o,r, ,K,D,E, ,t,o, ,i,m,p,r,o,v,e, ,t,h,e, ,h,e,a,l,t,h, ,a,n,d, ,h,e,a,l,t,h, ,"
",s,e,r,v,i,c,e,s, ,o,u,t,c,o,m,e,s, ,a,m,o,n,g, ,V,e,t,e,r,a,n,s,),., ,A,p,a,r,n,a, ,W,a,g,l,e, ,S,h,u,k,l,a, ,r,e,p,o,r,t,s, ,g,r,a,n,t,s, ,f,r,o,m, ,t,h,e, ,N,I,H, ,a,n,d, ,h,a,s, ,r,e,c,e,i,v,e,d, ,g,r,a,n,t, ,s,u,p,p,o,r,t, ,f,r,o,m, ,t,h,e, ,B,e,n,i,g,n, ,E,s,s,e,n,t,i,a,l, ,"
",B,l,e,p,h,a,r,o,s,p,a,s,m, ,R,e,s,e,a,r,c,h, ,F,o,u,n,d,a,t,i,o,n,",", ,D,y,s,t,o,n,i,a, ,c,o,a,l,i,t,i,o,n,",", ,D,y,s,t,o,n,i,a, ,M,e,d,i,c,a,l, ,R,e,s,e,a,r,c,h, ,F,o,u,n,d,a,t,i,o,n,",", ,a,n,d, ,N,a,t,i,o,n,a,l, ,O,r,g,a,n,i,z,a,t,i,o,n, ,f,o,r, ,R,a,r,e, ,D,i,s,o,r,d,e,r,s, ,"
",a,n,d, ,g,r,a,n,t, ,s,u,p,p,o,r,t, ,f,r,o,m, ,N,I,H, ,(,K,L,2, ,a,n,d, ,K,2,3, ,N,S,0,9,2,9,5,7,-,0,1,A,1,),., ,"
",F,u,n,d,i,n,g, ,d,e,c,l,a,r,a,t,i,o,n,:,"
", ,T,h,e,r,e, ,w,a,s, ,n,o, ,f,u,n,d,i,n,g, ,a,s,s,o,c,i,a,t,e,d, ,w,i,t,h, ,t,h,e, ,p,r,e,p,a,r,a,t,i,o,n, ,o,f, ,t,h,i,s, ,a,r,t,i,c,l,e,.,"
",C,o,p,y,r,i,g,h,t,:,"
", ,C,o,p,y,r,i,g,h,t, ,©, ,2,0,2,0, ,S,h,u,k,l,a, ,A,M,",", ,A,r,c,h,i,b,a,l,d, ,L,K,",", ,W,a,g,l,e, ,S,h,u,k,l,a, ,A,",", ,M,e,h,t,a, ,H,J,",", ,C,h,e,r,a,b,u,d,d,i, ,K,., ,P,u,b,l,i,s,h,e,d, ,b,y, ,D,r,u,g,s, ,i,n, ,C,o,n,t,e,x,t, ,u,n,d,e,r, ,C,r,e,a,t,i,v,e, ,"
",C,o,m,m,o,n,s, ,L,i,c,e,n,s,e, ,D,e,e,d, ,C,C, ,B,Y, ,N,C, ,N,D, ,4,.,0, ,w,h,i,c,h, ,a,l,l,o,w,s, ,a,n,y,o,n,e, ,t,o, ,c,o,p,y,",", ,d,i,s,t,r,i,b,u,t,e,",", ,a,n,d, ,t,r,a,n,s,m,i,t, ,t,h,e, ,a,r,t,i,c,l,e, ,p,r,o,v,i,d,e,d, ,i,t, ,i,s, ,p,r,o,p,e,r,l,y, ,a,t,t,r,i,b,u,t,e,d, ,i,n, ,"
",t,h,e, ,m,a,n,n,e,r, ,s,p,e,c,i,˛,e,d, ,b,e,l,o,w,., ,N,o, ,c,o,m,m,e,r,c,i,a,l, ,u,s,e, ,w,i,t,h,o,u,t, ,p,e,r,m,i,s,s,i,o,n,., ,"
",C,o,r,r,e,c,t, ,a,t,t,r,i,b,u,t,i,o,n,:,"
", ,C,o,p,y,r,i,g,h,t, ,©, ,2,0,2,0, ,S,h,u,k,l,a, ,A,M,",", ,A,r,c,h,i,b,a,l,d, ,L,K,",", ,W,a,g,l,e, ,S,h,u,k,l,a, ,A,",", ,M,e,h,t,a, ,H,J,",", ,C,h,e,r,a,b,u,d,d,i, ,K,., ,"
", ,h,t,t,p,s,:,/,/,d,o,i,.,o,r,g,/,1,0,.,7,5,7,3,/,d,i,c,.,2,0,2,0,-,4,-,5,"
",., ,P,u,b,l,i,s,h,e,d, ,b,y, ,D,r,u,g,s, ,i,n, ,C,o,n,t,e,x,t, ,u,n,d,e,r, ,C,r,e,a,t,i,v,e, ,C,o,m,m,o,n,s, ,L,i,c,e,n,s,e, ,D,e,e,d, ,C,C, ,B,Y, ,N,C, ,N,D, ,4,.,0,., ,"
",A,r,t,i,c,l,e, ,U,R,L,:,"
", ,h,t,t,p,s,:,/,/,d,r,u,g,s,i,n,c,o,n,t,e,x,t,.,c,o,m,/,c,h,l,o,r,o,q,u,i,n,e,-,a,n,d,-,h,y,d,r,o,x,y,c,h,l,o,r,o,q,u,i,n,e,-,i,n,-,t,h,e,-,c,o,n,t,e,x,t,-,o,f,-,c,o,v,i,d,-,1,9,"
",C,o,r,r,e,s,p,o,n,d,e,n,c,e,:,"
", ,A,s,h,u,t,o,s,h, ,M, ,S,h,u,k,l,a,",", ,D,i,v,i,s,i,o,n, ,o,f, ,N,e,p,h,r,o,l,o,g,y,",", ,H,y,p,e,r,t,e,n,s,i,o,n, ,a,n,d, ,T,r,a,n,s,p,l,a,n,t,a,t,i,o,n,",", ,1,6,0,0, ,S,W, ,A,r,c,h,e,r, ,R,o,a,d,",", ,P,O, ,B,o,x, ,N,o,.,",", ,"
",G,a,i,n,e,s,v,i,l,l,e,",", ,F,L,",", ,3,2,6,1,0,",", ,U,S,A,., ,"
",a,s,h,u,t,o,s,h,.,s,h,u,k,l,a,@,m,e,d,i,c,i,n,e,.,u,˝,.,e,d,u,"
",P,r,o,v,e,n,a,n,c,e,:,"
", ,s,u,b,m,i,t,t,e,d,;, ,e,x,t,e,r,n,a,l,l,y, ,p,e,e,r, ,r,e,v,i,e,w,e,d,.,"
",S,u,b,m,i,t,t,e,d,:,"
", ,1,0, ,A,p,r,i,l, ,2,0,2,0,;, ,"
",P,e,e,r, ,r,e,v,i,e,w, ,c,o,m,m,e,n,t,s, ,t,o, ,a,u,t,h,o,r,:,"
", ,1,4, ,A,p,r,i,l, ,2,0,2,0,;, ,"
",R,e,v,i,s,e,d, ,m,a,n,u,s,c,r,i,p,t, ,r,e,c,e,i,v,e,d,:,"
", ,1,4, ,A,p,r,i,l, ,2,0,2,0,;, ,"
", ,A,c,c,e,p,t,e,d,:,"
", ,1,5, ,A,p,r,i,l, ,2,0,2,0,;, ,"
",P,u,b,l,i,c,a,t,i,o,n, ,d,a,t,e,:,"
", ,2,8, ,A,p,r,i,l, ,2,0,2,0,.,"
",D,r,u,g,s, ,i,n, ,C,o,n,t,e,x,t, ,i,s, ,p,u,b,l,i,s,h,e,d, ,b,y, ,B,i,o,E,x,c,e,l, ,P,u,b,l,i,s,h,i,n,g, ,L,t,d,., ,R,e,g,i,s,t,e,r,e,d, ,o,˜,c,e,:, ,P,l,a,z,a, ,B,u,i,l,d,i,n,g,",", ,L,e,e, ,H,i,g,h, ,R,o,a,d,",", ,L,o,n,d,o,n,",", ,E,n,g,l,a,n,d,",", ,S,E,1,3, ,5,P,T,.,"
",B,i,o,E,x,c,e,l, ,P,u,b,l,i,s,h,i,n,g, ,L,i,m,i,t,e,d, ,i,s, ,r,e,g,i,s,t,e,r,e,d, ,i,n, ,E,n,g,l,a,n,d, ,N,u,m,b,e,r, ,1,0,0,3,8,3,9,3,., ,V,A,T, ,G,B, ,2,5,2, ,7,7,2,0, ,0,7,.,"
",F,o,r, ,a,l,l, ,m,a,n,u,s,c,r,i,p,t, ,a,n,d, ,s,u,b,m,i,s,s,i,o,n,s, ,e,n,q,u,i,r,i,e,s,",", ,c,o,n,t,a,c,t, ,t,h,e, ,E,d,i,t,o,r,-,i,n,-,C,h,i,e,f, ,"
",g,o,r,d,o,n,.,m,a,l,l,a,r,k,e,y,@,b,i,o,e,x,c,e,l,p,u,b,l,i,s,h,i,n,g,.,c,o,m,"
",F,o,r, ,a,l,l, ,p,e,r,m,i,s,s,i,o,n,s,",", ,r,i,g,h,t,s, ,a,n,d, ,r,e,p,r,i,n,t,s,",", ,c,o,n,t,a,c,t, ,D,a,v,i,d, ,H,u,g,h,e,s, ,"
",d,a,v,i,d,.,h,u,g,h,e,s,@,b,i,o,e,x,c,e,l,p,u,b,l,i,s,h,i,n,g,.,c,o,m,"
",R,e,f,e,r,e,n,c,e,s,"
",1,.,"
", ,S,h,u,k,l,a, ,A,M,",", ,W,a,g,l,e, ,S,h,u,k,l,a, ,A,., ,E,x,p,a,n,d,i,n,g, ,h,o,r,i,z,o,n,s, ,f,o,r, ,c,l,i,n,i,c,a,l, ,a,p,p,l,i,c,a,t,i,o,n,s, ,o,f, ,c,h,l,o,r,o,q,u,i,n,e,",", ,h,y,d,r,o,x,y,c,h,l,o,r,o,q,u,i,n,e,",", ,a,n,d, ,r,e,l,a,t,e,d, ,"
",s,t,r,u,c,t,u,r,a,l, ,a,n,a,l,o,g,u,e,s,., ,"
",D,r,u,g,s, ,C,o,n,t,e,x,t,., ,"
",2,0,1,9,;,8,., ,"
",h,t,t,p,:,/,/,d,o,i,.,o,r,g,/,1,0,.,7,5,7,3,/,d,i,c,.,2,0,1,9,-,9,-,1,"
",2,.,"
", ,A,l,-,B,a,r,i, ,M,A,., ,C,h,l,o,r,o,q,u,i,n,e, ,a,n,a,l,o,g,u,e,s, ,i,n, ,d,r,u,g, ,d,i,s,c,o,v,e,r,y,:, ,n,e,w, ,d,i,r,e,c,t,i,o,n,s, ,o,f, ,u,s,e,s,",", ,m,e,c,h,a,n,i,s,m,s, ,o,f, ,a,c,t,i,o,n,s, ,a,n,d, ,t,o,x,i,c, ,m,a,n,i,f,e,s,t,a,t,i,o,n,s, ,"
",f,r,o,m, ,m,a,l,a,r,i,a, ,t,o, ,m,u,l,t,i,f,a,r,i,o,u,s, ,d,i,s,e,a,s,e,s,., ,"
",J, ,A,n,t,i,m,i,c,r,o,b, ,C,h,e,m,o,t,h,e,r,., ,"
",2,0,1,5,;,7,0,(,6,),:,1,6,0,8,Œ,1,6,2,1,., ,"
",h,t,t,p,:,/,/,d,o,i,.,o,r,g,/,1,0,.,1,0,9,3,/,j,a,c,/,d,k,v,0,1,8,"
",3,.,"
", ,W,a,l,l,a,c,e, ,D,J,., ,T,h,e, ,h,i,s,t,o,r,y, ,o,f, ,a,n,t,i,m,a,l,a,r,i,a,l,s,., ,"
",L,u,p,u,s,., ,"
",1,9,9,6,;,5,(,S,u,p,p,l, ,1,),:,S,2,Œ,3,., ,"
",4,.,"
", ,W,a,l,l,a,c,e, ,D,J,., ,T,h,e, ,u,s,e, ,o,f, ,c,h,l,o,r,o,q,u,i,n,e, ,a,n,d, ,h,y,d,r,o,x,y,c,h,l,o,r,o,q,u,i,n,e, ,f,o,r, ,n,o,n,-,i,n,f,e,c,t,i,o,u,s, ,c,o,n,d,i,t,i,o,n,s, ,o,t,h,e,r, ,t,h,a,n, ,r,h,e,u,m,a,t,o,i,d, ,a,r,t,h,r,i,t,i,s, ,o,r, ,"
",l,u,p,u,s,:, ,a, ,c,r,i,t,i,c,a,l, ,r,e,v,i,e,w,., ,"
",L,u,p,u,s,., ,"
",1,9,9,6,;,5,(,S,u,p,p,l, ,1,),:,S,5,9,Œ,6,4,., ,"
",h,t,t,p,s,:,/,/,d,o,i,.,o,r,g,/,1,0,.,1,1,7,7,/,0,9,6,1,2,0,3,3,9,6,0,0,5,0,0,1,1,3,1,"
",5,.,"
", ,S,a,v,a,r,i,n,o, ,A,",", ,B,o,e,l,a,e,r,t, ,J,R,",", ,C,a,s,s,o,n,e, ,A,",", ,M,a,j,o,r,i, ,G,",", ,C,a,u,d,a, ,R,., ,E,˚,e,c,t,s, ,o,f, ,c,h,l,o,r,o,q,u,i,n,e, ,o,n, ,v,i,r,a,l, ,i,n,f,e,c,t,i,o,n,s,:, ,a,n, ,o,l,d, ,d,r,u,g, ,a,g,a,i,n,s,t, ,t,o,d,a,y,™,s, ,"
",d,i,s,e,a,s,e,s,?, ,"
",L,a,n,c,e,t, ,I,n,f,e,c,t, ,D,i,s,., ,"
",2,0,0,3,;,3,(,1,1,),:,7,2,2,Œ,7,2,7,., ,"
",h,t,t,p,:,/,/,d,o,i,.,o,r,g,/,1,0,.,1,0,1,6,/,s,1,4,7,3,-,3,0,9,9,(,0,3,),0,0,8,0,6,-,5,"
",6,.,"
", ,F,o,x, ,R,I,., ,M,e,c,h,a,n,i,s,m, ,o,f, ,a,c,t,i,o,n, ,o,f, ,h,y,d,r,o,x,y,c,h,l,o,r,o,q,u,i,n,e, ,a,s, ,a,n, ,a,n,t,i,r,h,e,u,m,a,t,i,c, ,d,r,u,g,., ,"
",S,e,m,i,n, ,A,r,t,h,r,i,t,i,s, ,R,h,e,u,m,., ,"
",1,9,9,3,;,2,3,(,2, ,S,u,p,p,l, ,1,),:,8,2,Œ,9,1,., ,"
",h,t,t,p,:,/,/,d,o,i,.,o,r,g,/,1,0,.,1,0,1,6,/,s,0,0,4,9,-,0,1,7,2,(,1,0,),8,0,0,1,2,-,5,"
", ,S,h,u,k,l,a, ,A,M,",", ,A,r,c,h,i,b,a,l,d, ,L,K,",", ,W,a,g,l,e, ,S,h,u,k,l,a, ,A,",", ,M,e,h,t,a, ,H,J,",", ,C,h,e,r,a,b,u,d,d,i, ,K,., ,D,r,u,g,s, ,i,n, ,C,o,n,t,e,x,t, ,2,0,2,0,;, ,9,:, ,2,0,2,0,-,4,-,5,., ,"
",D,O,I,:, ,1,0,.,7,5,7,3,/,d,i,c,.,2,0,2,0,-,4,-,5,"
", ,7, ,o,f, ,8,"
",I,S,S,N,:, ,1,7,4,0,-,4,3,9,8,"
",d,r,u,g,s,i,n,c,o,n,t,e,x,t,.,c,o,m,"
",7,.,"
", ,R,a,i,n,s,f,o,r,d, ,K,D,",", ,P,a,r,k,e, ,A,L,",", ,C,l,i,˚,o,r,d,-,R,a,s,h,o,t,t,e, ,M,",", ,K,e,a,n, ,W,F,., ,T,h,e,r,a,p,y, ,a,n,d, ,p,h,a,r,m,a,c,o,l,o,g,i,c,a,l, ,p,r,o,p,e,r,t,i,e,s, ,o,f, ,h,y,d,r,o,x,y,c,h,l,o,r,o,q,u,i,n,e, ,a,n,d, ,"
",c,h,l,o,r,o,q,u,i,n,e, ,i,n, ,t,r,e,a,t,m,e,n,t, ,o,f, ,s,y,s,t,e,m,i,c, ,l,u,p,u,s, ,e,r,y,t,h,e,m,a,t,o,s,u,s,",", ,r,h,e,u,m,a,t,o,i,d, ,a,r,t,h,r,i,t,i,s, ,a,n,d, ,r,e,l,a,t,e,d, ,d,i,s,e,a,s,e,s,., ,"
",I,n,˜,a,m,m,o,p,h,a,r,m,a,c,o,l,o,g,y,., ,"
",2,0,1,5,;,2,3,(,5,),:,2,3,1,Œ,2,6,9,., ,"
",h,t,t,p,:,/,/,d,o,i,.,o,r,g,/,1,0,.,1,0,0,7,/,s,1,0,7,8,7,-,0,1,5,-,0,2,3,9,-,y,"
",8,.,"
", ,J,a,n,g, ,C,H,",", ,C,h,o,i, ,J,H,",", ,B,y,u,n, ,M,S,",", ,J,u,e, ,D,M,., ,C,h,l,o,r,o,q,u,i,n,e, ,i,n,h,i,b,i,t,s, ,p,r,o,d,u,c,t,i,o,n, ,o,f, ,t,n,f,-,a,l,p,h,a,",", ,i,l,-,1,b,e,t,a, ,a,n,d, ,i,l,-,6, ,f,r,o,m, ,l,i,p,o,p,o,l,y,s,a,c,c,h,a,r,i,d,e,-,"
",s,t,i,m,u,l,a,t,e,d, ,h,u,m,a,n, ,m,o,n,o,c,y,t,e,s,/,m,a,c,r,o,p,h,a,g,e,s, ,b,y, ,d,i,˚,e,r,e,n,t, ,m,o,d,e,s,., ,"
",R,h,e,u,m,a,t,o,l,o,g,y, ,(,O,x,f,o,r,d,",", ,E,n,g,l,a,n,d,),., ,"
",2,0,0,6,;,4,5,(,6,),:,7,0,3,Œ,7,1,0,., ,"
", ,h,t,t,p,:,/,/,d,o,i,.,o,r,g,/,1,0,.,1,0,9,3,/,r,h,e,u,m,a,t,o,l,o,g,y,/,k,e,i,2,8,2,"
",9,.,"
", ,K,a,r,r,e,s, ,I,",", ,K,r,e,m,e,r, ,J,P,",", ,D,i,e,t,l, ,I,",", ,S,t,e,c,k,h,o,l,z,e,r, ,U,",", ,J,o,c,h,u,m, ,M,",", ,E,r,t,e,l, ,W,., ,C,h,l,o,r,o,q,u,i,n,e, ,i,n,h,i,b,i,t,s, ,p,r,o,i,n,˝,a,m,m,a,t,o,r,y, ,c,y,t,o,k,i,n,e, ,r,e,l,e,a,s,e, ,i,n,t,o, ,h,u,m,a,n, ,"
",w,h,o,l,e, ,b,l,o,o,d,., ,"
",A,m, ,J, ,P,h,y,s,i,o,l,., ,"
",1,9,9,8,;,2,7,4,(,4,),:,R,1,0,5,8,Œ,1,0,6,4,., ,"
",h,t,t,p,:,/,/,d,o,i,.,o,r,g,/,1,0,.,1,1,5,2,/,a,j,p,r,e,g,u,.,1,9,9,8,.,2,7,4,.,4,.,R,1,0,5,8,"
",1,0,.,"
", ,D,o,w,a,l,l, ,S,D,",", ,B,o,s,w,o,r,t,h, ,A,",", ,W,a,t,s,o,n, ,R,",", ,e,t, ,a,l,., ,C,h,l,o,r,o,q,u,i,n,e, ,i,n,h,i,b,i,t,e,d, ,e,b,o,l,a, ,v,i,r,u,s, ,r,e,p,l,i,c,a,t,i,o,n, ,i,n, ,v,i,t,r,o, ,b,u,t, ,f,a,i,l,e,d, ,t,o, ,p,r,o,t,e,c,t, ,a,g,a,i,n,s,t, ,"
",i,n,f,e,c,t,i,o,n, ,a,n,d, ,d,i,s,e,a,s,e, ,i,n, ,t,h,e, ,i,n, ,v,i,v,o, ,g,u,i,n,e,a, ,p,i,g, ,m,o,d,e,l,., ,"
",J, ,G,e,n, ,V,i,r,o,l,., ,"
",2,0,1,5,;,9,6,(,1,2,),:,3,4,8,4,Œ,3,4,9,2,., ,"
", ,h,t,t,p,:,/,/,d,o,i,.,o,r,g,/,1,0,.,1,0,9,9,/,j,g,v,.,0,.,0,0,0,3,0,9,"
",1,1,.,"
", ,B,o,e,l,a,e,r,t, ,J,R,",", ,P,i,e,t,t,e, ,J,",", ,S,p,e,r,b,e,r, ,K,., ,T,h,e, ,p,o,t,e,n,t,i,a,l, ,p,l,a,c,e, ,o,f, ,c,h,l,o,r,o,q,u,i,n,e, ,i,n, ,t,h,e, ,t,r,e,a,t,m,e,n,t, ,o,f, ,H,I,V,-,1,-,i,n,f,e,c,t,e,d, ,p,a,t,i,e,n,t,s,., ,"
",J, ,C,l,i,n, ,V,i,r,o,l,., ,"
",2,0,0,1,;,2,0,(,3,),:,1,3,7,Œ,1,4,0,., ,"
",h,t,t,p,:,/,/,d,o,i,.,o,r,g,/,1,0,.,1,0,1,6,/,s,1,3,8,6,-,6,5,3,2,(,0,0,),0,0,1,4,0,-,2,"
",1,2,.,"
", ,T,s,a,i, ,W,P,",", ,N,a,r,a, ,P,L,",", ,K,u,n,g, ,H,F,",", ,O,r,o,s,z,l,a,n, ,S,., ,I,n,h,i,b,i,t,i,o,n, ,o,f, ,h,u,m,a,n, ,i,m,m,u,n,o,d,e,˛,c,i,e,n,c,y, ,v,i,r,u,s, ,i,n,f,e,c,t,i,v,i,t,y, ,b,y, ,c,h,l,o,r,o,q,u,i,n,e,., ,"
",A,I,D,S, ,R,e,s, ,H,u,m, ,"
",R,e,t,r,o,v,i,r,u,s,e,s,., ,"
",1,9,9,0,;,6,(,4,),:,4,8,1,Œ,4,8,9,., ,"
",h,t,t,p,:,/,/,d,o,i,.,o,r,g,/,1,0,.,1,0,8,9,/,a,i,d,.,1,9,9,0,.,6,.,4,8,1,"
",1,3,.,"
", ,d,e, ,W,i,l,d,e, ,A,H,",", ,J,o,c,h,m,a,n,s, ,D,",", ,P,o,s,t,h,u,m,a, ,C,C,",", ,e,t, ,a,l,., ,S,c,r,e,e,n,i,n,g, ,o,f, ,a,n, ,F,D,A,-,a,p,p,r,o,v,e,d, ,c,o,m,p,o,u,n,d, ,l,i,b,r,a,r,y, ,i,d,e,n,t,i,˛,e,s, ,f,o,u,r, ,s,m,a,l,l,-,"
",m,o,l,e,c,u,l,e, ,i,n,h,i,b,i,t,o,r,s, ,o,f, ,m,i,d,d,l,e, ,e,a,s,t, ,r,e,s,p,i,r,a,t,o,r,y, ,s,y,n,d,r,o,m,e, ,c,o,r,o,n,a,v,i,r,u,s, ,r,e,p,l,i,c,a,t,i,o,n, ,i,n, ,c,e,l,l, ,c,u,l,t,u,r,e,., ,"
",A,n,t,i,m,i,c,r,o,b, ,A,g,e,n,t,s, ,C,h,e,m,o,t,h,e,r,., ,"
",2,0,1,4,;,5,8,(,8,),:,4,8,7,5,Œ,4,8,8,4,., ,"
",h,t,t,p,:,/,/,d,o,i,.,o,r,g,/,1,0,.,1,1,2,8,/,a,a,c,.,0,3,0,1,1,-,1,4,"
",1,4,.,"
", ,K,e,y,a,e,r,t,s, ,E,",", ,L,i, ,S,",", ,V,i,j,g,e,n, ,L,",", ,e,t, ,a,l,., ,A,n,t,i,v,i,r,a,l, ,a,c,t,i,v,i,t,y, ,o,f, ,c,h,l,o,r,o,q,u,i,n,e, ,a,g,a,i,n,s,t, ,h,u,m,a,n, ,c,o,r,o,n,a,v,i,r,u,s, ,o,c,4,3, ,i,n,f,e,c,t,i,o,n, ,i,n, ,n,e,w,b,o,r,n, ,m,i,c,e,., ,"
",A,n,t,i,m,i,c,r,o,b, ,A,g,e,n,t,s, ,C,h,e,m,o,t,h,e,r,., ,"
",2,0,0,9,;,5,3,(,8,),:,3,4,1,6,Œ,3,4,2,1,., ,"
",h,t,t,p,:,/,/,d,o,i,.,o,r,g,/,1,0,.,1,1,2,8,/,a,a,c,.,0,1,5,0,9,-,0,8,"
",1,5,.,"
", ,D,e,v,a,u,x, ,C,A,",", ,R,o,l,a,i,n, ,J,M,",", ,C,o,l,s,o,n, ,P,",", ,R,a,o,u,l,t, ,D,., ,N,e,w, ,i,n,s,i,g,h,t,s, ,o,n, ,t,h,e, ,a,n,t,i,v,i,r,a,l, ,e,˚,e,c,t,s, ,o,f, ,c,h,l,o,r,o,q,u,i,n,e, ,a,g,a,i,n,s,t, ,c,o,r,o,n,a,v,i,r,u,s,:, ,w,h,a,t, ,t,o, ,e,x,p,e,c,t, ,"
",f,o,r, ,C,O,V,I,D,-,1,9,?, ,"
",I,n,t, ,J, ,A,n,t,i,m,i,c,r,o,b, ,A,g,e,n,t,s,., ,"
",2,0,2,0,:,1,0,5,9,3,8,., ,"
",h,t,t,p,:,/,/,d,o,i,.,o,r,g,/,1,0,.,1,0,1,6,/,j,.,i,j,a,n,t,i,m,i,c,a,g,.,2,0,2,0,.,1,0,5,9,3,8,"
",1,6,.,"
", ,O,l,o,f,s,s,o,n, ,S,",", ,K,u,m,l,i,n, ,U,",", ,D,i,m,o,c,k, ,K,",", ,A,r,n,b,e,r,g, ,N,., ,A,v,i,a,n, ,i,n,˝,u,e,n,z,a, ,a,n,d, ,s,i,a,l,i,c, ,a,c,i,d, ,r,e,c,e,p,t,o,r,s,:, ,m,o,r,e, ,t,h,a,n, ,m,e,e,t,s, ,t,h,e, ,e,y,e,?, ,"
",L,a,n,c,e,t, ,I,n,f,e,c,t, ,D,i,s,., ,"
",2,0,0,5,;,5,(,3,),:,1,8,4,Œ,1,8,8,., ,"
",h,t,t,p,:,/,/,d,o,i,.,o,r,g,/,1,0,.,1,0,1,6,/,s,1,4,7,3,-,3,0,9,9,(,0,5,),0,1,3,1,1,-,3,"
",1,7,.,"
", ,V,i,n,c,e,n,t, ,M,J,",", ,B,e,r,g,e,r,o,n, ,E,",", ,B,e,n,j,a,n,n,e,t, ,S,",", ,e,t, ,a,l,., ,C,h,l,o,r,o,q,u,i,n,e, ,i,s, ,a, ,p,o,t,e,n,t, ,i,n,h,i,b,i,t,o,r, ,o,f, ,s,a,r,s, ,c,o,r,o,n,a,v,i,r,u,s, ,i,n,f,e,c,t,i,o,n, ,a,n,d, ,s,p,r,e,a,d,., ,"
",V,i,r,o,l, ,J,., ,"
",2,0,0,5,;,2,:,6,9,., ,"
",h,t,t,p,:,/,/,d,o,i,.,o,r,g,/,1,0,.,1,1,8,6,/,1,7,4,3,-,4,2,2,x,-,2,-,6,9,"
",1,8,.,"
", ,Z,h,u, ,N,",", ,Z,h,a,n,g, ,D,",", ,W,a,n,g, ,W,",", ,e,t, ,a,l,., ,A, ,n,o,v,e,l, ,c,o,r,o,n,a,v,i,r,u,s, ,f,r,o,m, ,p,a,t,i,e,n,t,s, ,w,i,t,h, ,p,n,e,u,m,o,n,i,a, ,i,n, ,C,h,i,n,a,",", ,2,0,1,9,., ,"
",N, ,E,n,g,l, ,J, ,M,e,d,., ,"
",2,0,2,0,;,3,8,2,(,8,),:,"
", ,7,2,7,Œ,7,3,3,., ,"
",h,t,t,p,:,/,/,d,o,i,.,o,r,g,/,1,0,.,1,0,5,6,/,N,E,J,M,o,a,2,0,0,1,0,1,7,"
",1,9,.,"
", ,S,a,v,a,r,i,n,o, ,A,",", ,D,i, ,T,r,a,n,i, ,L,",", ,D,o,n,a,t,e,l,l,i, ,I,",", ,C,a,u,d,a, ,R,",", ,C,a,s,s,o,n,e, ,A,., ,N,e,w, ,i,n,s,i,g,h,t,s, ,i,n,t,o, ,t,h,e, ,a,n,t,i,v,i,r,a,l, ,e,˚,e,c,t,s, ,o,f, ,c,h,l,o,r,o,q,u,i,n,e,., ,"
",L,a,n,c,e,t, ,I,n,f,e,c,t, ,D,i,s,., ,"
",2,0,0,6,;,6,(,2,),:,6,7,Œ,6,9,., ,"
",h,t,t,p,:,/,/,d,o,i,.,o,r,g,/,1,0,.,1,0,1,6,/,s,1,4,7,3,-,3,0,9,9,(,0,6,),7,0,3,6,1,-,9,"
",2,0,.,"
", ,H,u, ,T,Y,",", ,F,r,i,e,m,a,n, ,M,",", ,W,o,l,f,r,a,m, ,J,., ,I,n,s,i,g,h,t,s, ,f,r,o,m, ,n,a,n,o,m,e,d,i,c,i,n,e, ,i,n,t,o, ,c,h,l,o,r,o,q,u,i,n,e, ,e,˜,c,a,c,y, ,a,g,a,i,n,s,t, ,C,O,V,I,D,-,1,9,., ,"
",N,a,t, ,N,a,n,o,t,e,c,h,n,o,l,., ,"
",2,0,2,0,., ,"
",h,t,t,p,:,/,/,d,o,i,.,o,r,g,/,1,0,.,1,0,3,8,/,s,4,1,5,6,5,-,0,2,0,-,0,6,7,4,-,9,"
",2,1,.,"
", ,P,e,l,t, ,J,",", ,B,u,s,a,t,t,o, ,S,",", ,F,e,r,r,a,r,i, ,M,",", ,T,h,o,m,p,s,o,n, ,E,A,",", ,M,o,d,y, ,K,",", ,W,o,l,f,r,a,m, ,J,., ,C,h,l,o,r,o,q,u,i,n,e, ,a,n,d, ,n,a,n,o,p,a,r,t,i,c,l,e, ,d,r,u,g, ,d,e,l,i,v,e,r,y,:, ,a, ,p,r,o,m,i,s,i,n,g, ,"
",c,o,m,b,i,n,a,t,i,o,n,., ,"
",P,h,a,r,m,a,c,o,l, ,T,h,e,r,., ,"
",2,0,1,8,;,1,9,1,:,4,3,Œ,4,9,., ,"
",h,t,t,p,:,/,/,d,o,i,.,o,r,g,/,1,0,.,1,0,1,6,/,j,.,p,h,a,r,m,t,h,e,r,a,.,2,0,1,8,.,0,6,.,0,0,7,"
",2,2,.,"
", ,W,o,l,f,r,a,m, ,J,",", ,N,i,z,z,e,r,o, ,S,",", ,L,i,u, ,H,",", ,e,t, ,a,l,., ,A, ,c,h,l,o,r,o,q,u,i,n,e,-,i,n,d,u,c,e,d, ,m,a,c,r,o,p,h,a,g,e,-,p,r,e,c,o,n,d,i,t,i,o,n,i,n,g, ,s,t,r,a,t,e,g,y, ,f,o,r, ,i,m,p,r,o,v,e,d, ,n,a,n,o,d,e,l,i,v,e,r,y,., ,"
",S,c,i, ,"
",R,e,p,., ,"
",2,0,1,7,;,7,(,1,),:,1,3,7,3,8,., ,"
",h,t,t,p,:,/,/,d,o,i,.,o,r,g,/,1,0,.,1,0,3,8,/,s,4,1,5,9,8,-,0,1,7,-,1,4,2,2,1,-,2,"
",2,3,.,"
", ,W,o,l,f,r,a,m, ,J,",", ,F,e,r,r,a,r,i, ,M,., ,C,l,i,n,i,c,a,l, ,c,a,n,c,e,r, ,n,a,n,o,m,e,d,i,c,i,n,e,., ,"
",N,a,n,o, ,T,o,d,a,y,., ,"
",2,0,1,9,;,2,5,:,8,5,Œ,9,8,., ,"
",h,t,t,p,:,/,/,d,o,i,.,o,r,g,/,1,0,.,1,0,1,6,/,j,.,n,a,n,t,o,d,.,2,0,1,9,.,0,2,.,0,0,5,"
",2,4,.,"
", ,G,e,n,t,i,l,e, ,E,",", ,C,i,l,u,r,z,o, ,F,",", ,D,i, ,M,a,r,z,i,o, ,L,",", ,e,t, ,a,l,., ,L,i,p,o,s,o,m,a,l, ,c,h,e,m,o,t,h,e,r,a,p,e,u,t,i,c,s,., ,"
",F,u,t,u,r,e, ,O,n,c,o,l, ,(,L,o,n,d,o,n,",", ,E,n,g,l,a,n,d,),., ,"
",2,0,1,3,;,9,(,1,2,),:,1,8,4,9,Œ,1,8,5,9,., ,"
", ,h,t,t,p,:,/,/,d,o,i,.,o,r,g,/,1,0,.,2,2,1,7,/,f,o,n,.,1,3,.,1,4,6,"
",2,5,.,"
", ,S,i,n,g,h, ,A,K,",", ,S,i,n,g,h, ,A,",", ,S,h,a,i,k,h, ,A,",", ,S,i,n,g,h, ,R,",", ,M,i,s,r,a, ,A,., ,C,h,l,o,r,o,q,u,i,n,e, ,a,n,d, ,h,y,d,r,o,x,y,c,h,l,o,r,o,q,u,i,n,e, ,i,n, ,t,h,e, ,t,r,e,a,t,m,e,n,t, ,o,f, ,C,O,V,I,D,-,1,9, ,w,i,t,h, ,o,r, ,w,i,t,h,o,u,t, ,"
",d,i,a,b,e,t,e,s,:, ,a, ,s,y,s,t,e,m,a,t,i,c, ,s,e,a,r,c,h, ,a,n,d, ,a, ,n,a,r,r,a,t,i,v,e, ,r,e,v,i,e,w, ,w,i,t,h, ,a, ,s,p,e,c,i,a,l, ,r,e,f,e,r,e,n,c,e, ,t,o, ,i,n,d,i,a, ,a,n,d, ,o,t,h,e,r, ,d,e,v,e,l,o,p,i,n,g, ,c,o,u,n,t,r,i,e,s,., ,"
",D,i,a,b,e,t,e,s, ,"
",M,e,t,a,b, ,S,y,n,d,r,., ,"
",2,0,2,0,;,1,4,(,3,),:,2,4,1,Œ,2,4,6,., ,"
",h,t,t,p,:,/,/,d,o,i,.,o,r,g,/,1,0,.,1,0,1,6,/,j,.,d,s,x,.,2,0,2,0,.,0,3,.,0,1,1,"
",2,6,.,"
", ,Z,h,o,u, ,N,",", ,P,a,n, ,T,",", ,Z,h,a,n,g, ,J,",", ,e,t, ,a,l,., ,G,l,y,c,o,p,e,p,t,i,d,e, ,a,n,t,i,b,i,o,t,i,c,s, ,p,o,t,e,n,t,l,y, ,i,n,h,i,b,i,t, ,c,a,t,h,e,p,s,i,n, ,l, ,i,n, ,t,h,e, ,l,a,t,e, ,e,n,d,o,s,o,m,e,/,l,y,s,o,s,o,m,e, ,a,n,d, ,b,l,o,c,k, ,"
",t,h,e, ,e,n,t,r,y, ,o,f, ,e,b,o,l,a, ,v,i,r,u,s,",", ,m,i,d,d,l,e, ,e,a,s,t, ,r,e,s,p,i,r,a,t,o,r,y, ,s,y,n,d,r,o,m,e, ,c,o,r,o,n,a,v,i,r,u,s, ,(,m,e,r,s,-,c,o,v,),",", ,a,n,d, ,s,e,v,e,r,e, ,a,c,u,t,e, ,r,e,s,p,i,r,a,t,o,r,y, ,s,y,n,d,r,o,m,e, ,"
",c,o,r,o,n,a,v,i,r,u,s, ,(,S,A,R,S,-,C,o,V,),., ,"
",J, ,B,i,o,l, ,C,h,e,m,., ,"
",2,0,1,6,;,2,9,1,(,1,7,),:,9,2,1,8,Œ,9,2,3,2,., ,"
",h,t,t,p,:,/,/,d,o,i,.,o,r,g,/,1,0,.,1,0,7,4,/,j,b,c,.,M,1,1,6,.,7,1,6,1,0,0,"
",2,7,.,"
", ,v,a,n, ,d,e,n, ,B,o,r,n,e, ,B,E,",", ,D,i,j,k,m,a,n,s, ,B,A,",", ,d,e, ,R,o,o,i,j, ,H,H,",", ,l,e, ,C,e,s,s,i,e, ,S,",", ,V,e,r,w,e,i,j, ,C,L,., ,C,h,l,o,r,o,q,u,i,n,e, ,a,n,d, ,h,y,d,r,o,x,y,c,h,l,o,r,o,q,u,i,n,e, ,e,q,u,a,l,l,y, ,a,˚,e,c,t, ,t,u,m,o,r, ,"
",n,e,c,r,o,s,i,s, ,f,a,c,t,o,r,-,a,l,p,h,a,",", ,i,n,t,e,r,l,e,u,k,i,n, ,6,",", ,a,n,d, ,i,n,t,e,r,f,e,r,o,n,-,g,a,m,m,a, ,p,r,o,d,u,c,t,i,o,n, ,b,y, ,p,e,r,i,p,h,e,r,a,l, ,b,l,o,o,d, ,m,o,n,o,n,u,c,l,e,a,r, ,c,e,l,l,s,., ,"
",J, ,R,h,e,u,m,a,t,o,l,., ,"
",1,9,9,7,;,2,4,(,1,),:,5,5,Œ,6,0,., ,"
",2,8,.,"
", ,Y,a,o, ,X,",", ,Y,e, ,F,",", ,Z,h,a,n,g, ,M,",", ,e,t, ,a,l,., ,I,n, ,v,i,t,r,o, ,a,n,t,i,v,i,r,a,l, ,a,c,t,i,v,i,t,y, ,a,n,d, ,p,r,o,j,e,c,t,i,o,n, ,o,f, ,o,p,t,i,m,i,z,e,d, ,d,o,s,i,n,g, ,d,e,s,i,g,n, ,o,f, ,h,y,d,r,o,x,y,c,h,l,o,r,o,q,u,i,n,e, ,f,o,r, ,t,h,e, ,"
",t,r,e,a,t,m,e,n,t, ,o,f, ,s,e,v,e,r,e, ,a,c,u,t,e, ,r,e,s,p,i,r,a,t,o,r,y, ,s,y,n,d,r,o,m,e, ,c,o,r,o,n,a,v,i,r,u,s, ,2, ,(,S,A,R,S,-,C,o,V,-,2,),., ,"
",C,l,i,n, ,I,n,f,e,c,t, ,D,i,s,., ,"
",2,0,2,0,., ,"
", ,h,t,t,p,:,/,/,d,o,i,.,o,r,g,/,1,0,.,1,0,9,3,/,c,i,d,/,c,i,a,a,2,3,7,"
",2,9,.,"
", ,W,a,n,g, ,M,",", ,C,a,o, ,R,",", ,Z,h,a,n,g, ,L,",", ,e,t, ,a,l,., ,R,e,m,d,e,s,i,v,i,r, ,a,n,d, ,c,h,l,o,r,o,q,u,i,n,e, ,e,˚,e,c,t,i,v,e,l,y, ,i,n,h,i,b,i,t, ,t,h,e, ,r,e,c,e,n,t,l,y, ,e,m,e,r,g,e,d, ,n,o,v,e,l, ,c,o,r,o,n,a,v,i,r,u,s, ,"
",(,2,0,1,9,-,n,c,o,v,), ,i,n, ,v,i,t,r,o,., ,"
",C,e,l,l, ,R,e,s,., ,"
",2,0,2,0,;,3,0,(,3,),:,2,6,9,Œ,2,7,1,., ,"
",h,t,t,p,:,/,/,d,o,i,.,o,r,g,/,1,0,.,1,0,3,8,/,s,4,1,4,2,2,-,0,2,0,-,0,2,8,2,-,0,"
",3,0,.,"
", ,M,a,c,k,e,n,z,i,e, ,A,H,., ,D,o,s,e, ,r,e,˛,n,e,m,e,n,t,s, ,i,n, ,l,o,n,g,-,t,e,r,m, ,t,h,e,r,a,p,y, ,o,f, ,r,h,e,u,m,a,t,o,i,d, ,a,r,t,h,r,i,t,i,s, ,w,i,t,h, ,a,n,t,i,m,a,l,a,r,i,a,l,s,., ,"
",A,m, ,J, ,M,e,d,., ,"
",1,9,8,3,;,7,5,(,1,a,),:,4,0,Œ,4,5,., ,"
",h,t,t,p,:,/,/,d,o,i,.,o,r,g,/,1,0,.,1,0,1,6,/,0,0,0,2,-,9,3,4,3,(,8,3,),9,1,2,6,9,-,x,"
", ,S,h,u,k,l,a, ,A,M,",", ,A,r,c,h,i,b,a,l,d, ,L,K,",", ,W,a,g,l,e, ,S,h,u,k,l,a, ,A,",", ,M,e,h,t,a, ,H,J,",", ,C,h,e,r,a,b,u,d,d,i, ,K,., ,D,r,u,g,s, ,i,n, ,C,o,n,t,e,x,t, ,2,0,2,0,;, ,9,:, ,2,0,2,0,-,4,-,5,., ,"
",D,O,I,:, ,1,0,.,7,5,7,3,/,d,i,c,.,2,0,2,0,-,4,-,5,"
", ,8, ,o,f, ,8,"
",I,S,S,N,:, ,1,7,4,0,-,4,3,9,8,"
",d,r,u,g,s,i,n,c,o,n,t,e,x,t,.,c,o,m,"
",3,1,.,"
", ,G,a,o, ,J,",", ,T,i,a,n, ,Z,",", ,Y,a,n,g, ,X,., ,B,r,e,a,k,t,h,r,o,u,g,h,:, ,c,h,l,o,r,o,q,u,i,n,e, ,p,h,o,s,p,h,a,t,e, ,h,a,s, ,s,h,o,w,n, ,a,p,p,a,r,e,n,t, ,e,˜,c,a,c,y, ,i,n, ,t,r,e,a,t,m,e,n,t, ,o,f, ,C,O,V,I,D,-,1,9, ,a,s,s,o,c,i,a,t,e,d, ,"
",p,n,e,u,m,o,n,i,a, ,i,n, ,c,l,i,n,i,c,a,l, ,s,t,u,d,i,e,s,., ,"
",B,i,o,s,c,i, ,T,r,e,n,d,s,., ,"
",2,0,2,0,;,1,4,(,1,),:,7,2,Œ,7,3,., ,"
",h,t,t,p,:,/,/,d,o,i,.,o,r,g,/,1,0,.,5,5,8,2,/,b,s,t,.,2,0,2,0,.,0,1,0,4,7,"
",3,2,.,"
", ,G,a,u,t,r,e,t, ,P,",", ,L,a,g,i,e,r, ,J,C,",", ,P,a,r,o,l,a, ,P,",", ,e,t, ,a,l,., ,H,y,d,r,o,x,y,c,h,l,o,r,o,q,u,i,n,e, ,a,n,d, ,a,z,i,t,h,r,o,m,y,c,i,n, ,a,s, ,a, ,t,r,e,a,t,m,e,n,t, ,o,f, ,C,O,V,I,D,-,1,9,:, ,r,e,s,u,l,t,s, ,o,f, ,a,n, ,o,p,e,n,-,l,a,b,e,l, ,"
",n,o,n,-,r,a,n,d,o,m,i,z,e,d, ,c,l,i,n,i,c,a,l, ,t,r,i,a,l,., ,"
",I,n,t, ,J, ,A,n,t,i,m,i,c,r,o,b, ,A,g,e,n,t,s,., ,"
",2,0,2,0,:,1,0,5,9,4,9,., ,"
",h,t,t,p,:,/,/,d,o,i,.,o,r,g,/,1,0,.,1,0,1,6,/,j,.,i,j,a,n,t,i,m,i,c,a,g,.,2,0,2,0,.,1,0,5,9,4,9,"
",3,3,.,"
", ,R,e,t,a,l,l,a,c,k, ,H,",", ,D,i, ,L,u,l,l,o, ,E,",", ,A,r,i,a,s, ,C,",", ,e,t, ,a,l,., ,Z,i,k,a, ,v,i,r,u,s, ,c,e,l,l, ,t,r,o,p,i,s,m, ,i,n, ,t,h,e, ,d,e,v,e,l,o,p,i,n,g, ,h,u,m,a,n, ,b,r,a,i,n, ,a,n,d, ,i,n,h,i,b,i,t,i,o,n, ,b,y, ,a,z,i,t,h,r,o,m,y,c,i,n,., ,"
",P,r,o,c, ,"
",N,a,t,l, ,A,c,a,d, ,S,c,i, ,U, ,S, ,A,., ,"
",2,0,1,6,;,1,1,3,(,5,0,),:,1,4,4,0,8,Œ,1,4,4,1,3,., ,"
",h,t,t,p,:,/,/,d,o,i,.,o,r,g,/,1,0,.,1,0,7,3,/,p,n,a,s,.,1,6,1,8,0,2,9,1,1,3,"
",3,4,.,"
", ,M,a,d,r,i,d, ,P,B,",", ,P,a,n,c,h,a,l, ,R,G,",", ,W,a,r,r,e,n, ,T,K,",", ,e,t, ,a,l,., ,E,v,a,l,u,a,t,i,o,n, ,o,f, ,e,b,o,l,a, ,v,i,r,u,s, ,i,n,h,i,b,i,t,o,r,s, ,f,o,r, ,d,r,u,g, ,r,e,p,u,r,p,o,s,i,n,g,., ,"
",A,C,S, ,I,n,f,e,c,t, ,D,i,s,., ,"
",2,0,1,5,;,1,(,7,),:,"
", ,3,1,7,Œ,3,2,6,., ,"
",h,t,t,p,:,/,/,d,o,i,.,o,r,g,/,1,0,.,1,0,2,1,/,a,c,s,i,n,f,e,c,d,i,s,.,5,b,0,0,0,3,0,"
",3,5,.,"
", ,B,a,c,h,a,r,i,e,r, ,L,B,",", ,G,u,i,l,b,e,r,t, ,T,W,",", ,M,a,u,g,e,r, ,D,T,",", ,e,t, ,a,l,., ,E,a,r,l,y, ,a,d,m,i,n,i,s,t,r,a,t,i,o,n, ,o,f, ,a,z,i,t,h,r,o,m,y,c,i,n, ,a,n,d, ,p,r,e,v,e,n,t,i,o,n, ,o,f, ,s,e,v,e,r,e, ,l,o,w,e,r, ,r,e,s,p,i,r,a,t,o,r,y, ,"
", ,t,r,a,c,t, ,i,l,l,n,e,s,s,e,s, ,i,n, ,p,r,e,s,c,h,o,o,l, ,c,h,i,l,d,r,e,n, ,w,i,t,h, ,a, ,h,i,s,t,o,r,y, ,o,f, ,s,u,c,h, ,i,l,l,n,e,s,s,e,s,:, ,a, ,r,a,n,d,o,m,i,z,e,d, ,c,l,i,n,i,c,a,l, ,t,r,i,a,l,., ,"
",J,A,M,A,., ,"
",2,0,1,5,;,3,1,4,(,1,9,),:,2,0,3,4,Œ,2,0,4,4,., ,"
",h,t,t,p,:,/,/,d,o,i,.,o,r,g,/,1,0,.,1,0,0,1,/,j,a,m,a,.,2,0,1,5,.,1,3,8,9,6,"
",3,6,.,"
", ,M,o,l,i,n,a, ,J,M,",", ,D,e,l,a,u,g,e,r,r,e, ,C,",", ,G,o,˚, ,J,L,",", ,e,t, ,a,l,., ,N,o, ,e,v,i,d,e,n,c,e, ,o,f, ,r,a,p,i,d, ,a,n,t,i,v,i,r,a,l, ,c,l,e,a,r,a,n,c,e, ,o,r, ,c,l,i,n,i,c,a,l, ,b,e,n,e,˛,t, ,w,i,t,h, ,t,h,e, ,c,o,m,b,i,n,a,t,i,o,n, ,"
", ,o,f, ,h,y,d,r,o,x,y,c,h,l,o,r,o,q,u,i,n,e, ,a,n,d, ,a,z,i,t,h,r,o,m,y,c,i,n, ,i,n, ,p,a,t,i,e,n,t,s, ,w,i,t,h, ,s,e,v,e,r,e, ,C,O,V,I,D,-,1,9, ,i,n,f,e,c,t,i,o,n,., ,"
",M,é,d, ,M,a,l, ,I,n,f,e,c,t,., ,"
",2,0,2,0,., ,"
", ,h,t,t,p,:,/,/,d,o,i,.,o,r,g,/,h,t,t,p,s,:,/,/,d,o,i,.,o,r,g,/,1,0,.,1,0,1,6,/,j,.,m,e,d,m,a,l,.,2,0,2,0,.,0,3,.,0,0,6,"
",3,7,.,"
", ,Z,h,a,o,w,e,i, ,C,h,e,n, ,J,H,",", ,Z,h,a,n,g, ,Z,",", ,J,i,a,n,g, ,S,",", ,e,t, ,a,l,., ,E,˜,c,a,c,y, ,o,f, ,h,y,d,r,o,x,y,c,h,l,o,r,o,q,u,i,n,e, ,i,n, ,p,a,t,i,e,n,t,s, ,w,i,t,h, ,c,o,v,i,d,-,1,9,:, ,r,e,s,u,l,t,s, ,o,f, ,a, ,r,a,n,d,o,m,i,z,e,d, ,c,l,i,n,i,c,a,l, ,"
",t,r,i,a,l,., ,"
",m,e,d,R,x,i,v, ,p,r,e,p,r,i,n,t,., ,"
",2,0,2,0,., ,"
",h,t,t,p,s,:,/,/,d,o,i,.,o,r,g,/,1,0,.,1,1,0,1,/,2,0,2,0,.,0,3,.,2,2,.,2,0,0,4,0,7,5,8,"
",3,8,.,"
", ,C,h,e,n, ,J,",", ,L,i,u, ,D,",", ,L,i,u, ,L,",", ,e,t, ,a,l,., ,P,i,l,o,t, ,s,t,u,d,y, ,o,f, ,h,y,d,r,o,x,y,c,h,l,o,r,o,q,u,i,n,e, ,i,n, ,t,r,e,a,t,m,e,n,t, ,o,f, ,p,a,t,i,e,n,t,s, ,w,i,t,h, ,c,o,m,m,o,n, ,c,o,r,o,n,a,v,i,r,u,s, ,d,i,s,e,a,s,e,-,1,9, ,"
",(,C,O,V,I,D,-,1,9,),., ,"
",J, ,Z,h,e,j,i,a,n,g, ,U,n,i,v, ,(,M,e,d, ,S,c,i,),., ,"
",2,0,2,0,., ,"
",h,t,t,p,:,/,/,d,o,i,.,o,r,g,/,1,0,.,3,7,8,5,/,j,.,i,s,s,n,.,1,0,0,8,-,9,2,9,2,.,2,0,2,0,.,0,3,.,0,3,"
",3,9,.,"
", ,M,c,L,a,c,h,l,a,n, ,A,J,",", ,T,e,t,t, ,S,E,",", ,C,u,t,l,e,r, ,D,J,",", ,D,a,y, ,R,O,., ,B,i,o,a,v,a,i,l,a,b,i,l,i,t,y, ,o,f, ,h,y,d,r,o,x,y,c,h,l,o,r,o,q,u,i,n,e, ,t,a,b,l,e,t,s, ,i,n, ,p,a,t,i,e,n,t,s, ,w,i,t,h, ,r,h,e,u,m,a,t,o,i,d, ,a,r,t,h,r,i,t,i,s,., ,"
",B,r, ,J, ,"
",R,h,e,u,m,a,t,o,l,., ,"
",1,9,9,4,;,3,3,(,3,),:,2,3,5,Œ,2,3,9,., ,"
",h,t,t,p,:,/,/,d,o,i,.,o,r,g,/,1,0,.,1,0,9,3,/,r,h,e,u,m,a,t,o,l,o,g,y,/,3,3,.,3,.,2,3,5,"
",4,0,.,"
", ,M,u,l,l,e,r, ,F,",", ,K,o,n,i,g, ,J,",", ,G,l,a,e,s,e,r, ,H,",", ,e,t, ,a,l,., ,M,o,l,e,c,u,l,a,r, ,m,e,c,h,a,n,i,s,m, ,o,f, ,r,e,n,a,l, ,t,u,b,u,l,a,r, ,s,e,c,r,e,t,i,o,n, ,o,f, ,t,h,e, ,a,n,t,i,m,a,l,a,r,i,a,l, ,d,r,u,g, ,c,h,l,o,r,o,q,u,i,n,e,., ,"
",A,n,t,i,m,i,c,r,o,b, ,A,g,e,n,t,s, ,C,h,e,m,o,t,h,e,r,., ,"
",2,0,1,1,;,5,5,(,7,),:,3,0,9,1,Œ,3,0,9,8,., ,"
",h,t,t,p,:,/,/,d,o,i,.,o,r,g,/,1,0,.,1,1,2,8,/,a,a,c,.,0,1,8,3,5,-,1,0,"
",4,1,.,"
", ,M,a,r,m,o,r, ,M,F,",", ,K,e,l,l,n,e,r, ,U,",", ,L,a,i, ,T,Y,",", ,M,e,l,l,e,s, ,R,B,",", ,M,i,e,l,e,r, ,W,F,., ,R,e,c,o,m,m,e,n,d,a,t,i,o,n,s, ,o,n, ,s,c,r,e,e,n,i,n,g, ,f,o,r, ,c,h,l,o,r,o,q,u,i,n,e, ,a,n,d, ,h,y,d,r,o,x,y,c,h,l,o,r,o,q,u,i,n,e, ,"
",r,e,t,i,n,o,p,a,t,h,y, ,(,2,0,1,6, ,r,e,v,i,s,i,o,n,),., ,"
",O,p,h,t,h,a,l,m,o,l,o,g,y,., ,"
",2,0,1,6,;,1,2,3,(,6,),:,1,3,8,6,Œ,1,3,9,4,., ,"
",h,t,t,p,:,/,/,d,o,i,.,o,r,g,/,1,0,.,1,0,1,6,/,j,.,o,p,h,t,h,a,.,2,0,1,6,.,0,1,.,0,5,8,"
",4,2,.,"
", ,C,o,t,r,o,n,e,o, ,J,",", ,S,l,e,i,k, ,K,M,",", ,R,e,n,e, ,R,o,d,r,i,g,u,e,z, ,E,",", ,K,l,e,i,n, ,A,L,., ,H,y,d,r,o,x,y,c,h,l,o,r,o,q,u,i,n,e,-,i,n,d,u,c,e,d, ,r,e,s,t,r,i,c,t,i,v,e, ,c,a,r,d,i,o,m,y,o,p,a,t,h,y,., ,"
",E,u,r, ,J, ,E,c,h,o,c,a,r,d,i,o,g,r,., ,"
",2,0,0,7,;,8,(,4,),:,2,4,7,Œ,2,5,1,., ,"
",h,t,t,p,:,/,/,d,o,i,.,o,r,g,/,1,0,.,1,0,1,6,/,j,.,e,u,j,e,.,2,0,0,6,.,0,2,.,0,0,2,"
",4,3,.,"
", ,C,o,s,t,e,d,o,a,t,-,C,h,a,l,u,m,e,a,u, ,N,",", ,H,u,l,o,t, ,J,S,",", ,A,m,o,u,r,a, ,Z,",", ,e,t, ,a,l,., ,H,e,a,r,t, ,c,o,n,d,u,c,t,i,o,n, ,d,i,s,o,r,d,e,r,s, ,r,e,l,a,t,e,d, ,t,o, ,a,n,t,i,m,a,l,a,r,i,a,l,s, ,t,o,x,i,c,i,t,y,:, ,a,n, ,a,n,a,l,y,s,i,s, ,"
",o,f, ,e,l,e,c,t,r,o,c,a,r,d,i,o,g,r,a,m,s, ,i,n, ,8,5, ,p,a,t,i,e,n,t,s, ,t,r,e,a,t,e,d, ,w,i,t,h, ,h,y,d,r,o,x,y,c,h,l,o,r,o,q,u,i,n,e, ,f,o,r, ,c,o,n,n,e,c,t,i,v,e, ,t,i,s,s,u,e, ,d,i,s,e,a,s,e,s,., ,"
",R,h,e,u,m,a,t,o,l,o,g,y, ,(,O,x,f,o,r,d,",", ,"
",E,n,g,l,a,n,d,),., ,"
",2,0,0,7,;,4,6,(,5,),:,8,0,8,Œ,8,1,0,., ,"
",h,t,t,p,:,/,/,d,o,i,.,o,r,g,/,1,0,.,1,0,9,3,/,r,h,e,u,m,a,t,o,l,o,g,y,/,k,e,l,4,0,2,"
",4,4,.,"
", ,B,o,n,o,w, ,R,O,",", ,F,o,n,a,r,o,w, ,G,C,",", ,O,™,G,a,r,a, ,P,T,",", ,Y,a,n,c,y, ,C,W,., ,A,s,s,o,c,i,a,t,i,o,n, ,o,f, ,c,o,r,o,n,a,v,i,r,u,s, ,d,i,s,e,a,s,e, ,2,0,1,9, ,(,C,O,V,I,D,-,1,9,), ,w,i,t,h, ,m,y,o,c,a,r,d,i,a,l, ,i,n,j,u,r,y, ,a,n,d, ,"
",m,o,r,t,a,l,i,t,y,., ,"
",J,A,M,A, ,C,a,r,d,i,o,l,., ,"
",2,0,2,0,., ,"
",h,t,t,p,:,/,/,d,o,i,.,o,r,g,/,1,0,.,1,0,0,1,/,j,a,m,a,c,a,r,d,i,o,.,2,0,2,0,.,1,1,0,5,"
",4,5,.,"
", ,T,e,i,x,e,i,r,a, ,R,A,",", ,B,o,r,b,a, ,E,F,",", ,P,e,d,r,o,s,a, ,A,",", ,e,t, ,a,l,., ,E,v,i,d,e,n,c,e, ,f,o,r, ,c,a,r,d,i,a,c, ,s,a,f,e,t,y, ,a,n,d, ,a,n,t,i,a,r,r,h,y,t,h,m,i,c, ,p,o,t,e,n,t,i,a,l, ,o,f, ,c,h,l,o,r,o,q,u,i,n,e, ,i,n, ,s,y,s,t,e,m,i,c, ,l,u,p,u,s, ,"
",e,r,y,t,h,e,m,a,t,o,s,u,s,., ,"
",E,u,r,o,p,a,c,e,., ,"
",2,0,1,4,;,1,6,(,6,),:,8,8,7,Œ,8,9,2,., ,"
",h,t,t,p,:,/,/,d,o,i,.,o,r,g,/,1,0,.,1,0,9,3,/,e,u,r,o,p,a,c,e,/,e,u,t,2,9,0,"
",4,6,.,"
", ,G,u,p,t,a, ,N,",", ,A,g,r,a,w,a,l, ,S,",", ,I,s,h, ,P,., ,C,h,l,o,r,o,q,u,i,n,e, ,i,n, ,C,O,V,I,D,-,1,9,:, ,t,h,e, ,e,v,i,d,e,n,c,e,., ,"
",M,o,n,a,l,d,i, ,A,r,c,h, ,C,h,e,s,t, ,D,i,s,., ,"
",2,0,2,0,;,9,0,(,1,),., ,"
", ,h,t,t,p,:,/,/,d,o,i,.,o,r,g,/,1,0,.,4,0,8,1,/,m,o,n,a,l,d,i,.,2,0,2,0,.,1,2,9,0,"
",4,7,.,"
", ,K,u,p,f,e,r,s,c,h,m,i,d,t, ,K,",", ,C,o,h,e,n, ,J,., ,W,H,O, ,l,a,u,n,c,h,e,s, ,g,l,o,b,a,l, ,m,e,g,a,t,r,i,a,l, ,o,f, ,t,h,e, ,f,o,u,r, ,m,o,s,t, ,p,r,o,m,i,s,i,n,g, ,c,o,r,o,n,a,v,i,r,u,s, ,t,r,e,a,t,m,e,n,t,s,., ,2,0,2,0,;, ,"
", ,h,t,t,p,s,:,/,/,w,w,w,.,s,c,i,e,n,c,e,m,a,g,.,o,r,g,/,n,e,w,s,/,2,0,2,0,/,0,3,/,w,h,o,-,l,a,u,n,c,h,e,s,-,g,l,o,b,a,l,-,m,e,g,a,t,r,i,a,l,-,f,o,u,r,-,m,o,s,t,-,p,r,o,m,i,s,i,n,g,-,c,o,r,o,n,a,v,i,r,u,s,-,t,r,e,a,t,m,e,n,t,s,"
",., ,A,c,c,e,s,s,e,d, ,A,p,r,i,l, ,9,",", ,2,0,2,0,.,"
",4,8,.,"
", ,P,C,O,R,I, ,f,u,n,d,s, ,r,e,g,i,s,t,r,y, ,a,n,d, ,l,a,r,g,e,-,s,c,a,l,e, ,s,t,u,d,y, ,o,f, ,e,˚,e,c,t,i,v,e,n,e,s,s, ,o,f, ,h,y,d,r,o,x,y,c,h,l,o,r,o,q,u,i,n,e, ,t,o, ,p,r,e,v,e,n,t, ,C,O,V,I,D,-,1,9, ,i,n,f,e,c,t,i,o,n, ,i,n, ,U,.,S,., ,"
",h,e,a,l,t,h,c,a,r,e, ,w,o,r,k,e,r,s,., ,2,0,2,0,;, ,"
",h,t,t,p,s,:,/,/,w,w,w,.,p,c,o,r,i,.,o,r,g,/,n,e,w,s,-,r,e,l,e,a,s,e,/,p,c,o,r,i,-,f,u,n,d,s,-,r,e,g,i,s,t,r,y,-,s,t,u,d,y,-,e,˚,e,c,t,i,v,e,n,e,s,s,-,h,y,d,r,o,x,y,c,h,l,o,r,o,q,u,i,n,e,-,"
",p,r,e,v,e,n,t,-,c,o,v,i,d,-,1,9,-,h,e,a,l,t,h,c,a,r,e,-,w,o,r,k,e,r,s,"
",., ,A,c,c,e,s,s,e,d, ,A,p,r,i,l, ,9,",", ,2,0,2,0,.,"
"
